finca;variedad;lote;planta;diamF
sta.lu;pri;l3;pril3-6;12,4
sta.lu;pri;l3;pril3-6;12,7
sta.lu;pri;l3;pril3-6;13,7
sta.lu;pri;l3;pril3-6;13,25
sta.lu;pri;l3;pril3-6;13
sta.lu;pri;l3;pril3-6;13,8
sta.lu;pri;l3;pril3-6;12
sta.lu;pri;l3;pril3-6;12,1
sta.lu;pri;l3;pril3-6;12,1
sta.lu;pri;l3;pril3-6;12,9
sta.lu;pri;l3;pril3-7;15,1
sta.lu;pri;l3;pril3-7;13,6
sta.lu;pri;l3;pril3-7;13,4
sta.lu;pri;l3;pril3-7;14,1
sta.lu;pri;l3;pril3-7;13,35
sta.lu;pri;l3;pril3-7;13,6
sta.lu;pri;l3;pril3-7;14,5
sta.lu;pri;l3;pril3-7;12,65
sta.lu;pri;l3;pril3-5;13,9
sta.lu;pri;l3;pril3-5;17,05
sta.lu;pri;l3;pril3-5;16,8
sta.lu;pri;l3;pril3-5;13,9
sta.lu;pri;l3;pril3-5;16
sta.lu;pri;l3;pril3-5;16
sta.lu;pri;l3;pril3-5;15
sta.lu;pri;l3;pril3-5;19,9
sta.lu;pri;l3;pril3-5;15,3
sta.lu;pri;l3;pril3-5;15,4
sta.lu;pri;l3;pril3-1;12,1
sta.lu;pri;l3;pril3-1;13,1
sta.lu;pri;l3;pril3-1;13,4
sta.lu;pri;l3;pril3-1;11,95
sta.lu;pri;l3;pril3-1;12,8
sta.lu;pri;l3;pril3-1;13,4
sta.lu;pri;l3;pril3-1;13,3
sta.lu;pri;l3;pril3-1;12,1
sta.lu;pri;l3;pril3-1;13,6
sta.lu;pri;l3;pril3-1;12,6
sta.lu;pri;l3;pril3-2;14,4
sta.lu;pri;l3;pril3-2;14,2
sta.lu;pri;l3;pril3-2;14,6
sta.lu;pri;l3;pril3-2;14
sta.lu;pri;l3;pril3-2;14,75
sta.lu;pri;l3;pril3-2;14,7
sta.lu;pri;l3;pril3-2;14,9
sta.lu;pri;l3;pril3-2;14
sta.lu;pri;l3;pril3-2;14,85
sta.lu;pri;l3;pril3-2;13,7
sta.lu;pri;l3;pril3-3;14,4
sta.lu;pri;l3;pril3-3;13,6
sta.lu;pri;l3;pril3-3;15,6
sta.lu;pri;l3;pril3-3;16
sta.lu;pri;l3;pril3-3;16,9
sta.lu;pri;l3;pril3-3;12,95
sta.lu;pri;l3;pril3-3;17,1
sta.lu;pri;l3;pril3-3;16,2
sta.lu;pri;l3;pril3-3;13,85
sta.lu;pri;l3;pril3-3;14,3
sta.lu;pri;l3;pril3-4;15,05
sta.lu;pri;l3;pril3-4;15,3
sta.lu;pri;l3;pril3-4;14,6
sta.lu;pri;l3;pril3-4;15,85
sta.lu;pri;l3;pril3-4;14,5
sta.lu;pri;l3;pril3-4;15,2
sta.lu;pri;l3;pril3-4;14,75
sta.lu;pri;l3;pril3-4;14,4
sta.lu;pri;l3;pril3-4;14,2
sta.lu;pri;l3;pril3-4;14,8
tdb;pri;l2;pril2-7;14
tdb;pri;l2;pril2-7;15,1
tdb;pri;l2;pril2-7;15
tdb;pri;l2;pril2-7;16,1
tdb;pri;l2;pril2-7;16,9
tdb;pri;l2;pril2-7;16
tdb;pri;l2;pril2-7;15,25
tdb;pri;l2;pril2-7;14,3
tdb;pri;l2;pril2-7;13,6
tdb;pri;l2;pril2-7;14,65
tdb;pri;l2;pril2-7;14,4
tdb;pri;l2;pril2-7;13,45
tdb;pri;l2;pril2-6;14,7
tdb;pri;l2;pril2-6;17,8
tdb;pri;l2;pril2-6;15
tdb;pri;l2;pril2-6;15,55
tdb;pri;l2;pril2-6;13,7
tdb;pri;l2;pril2-6;15,3
tdb;pri;l2;pril2-6;14,4
tdb;pri;l2;pril2-6;13,85
tdb;pri;l2;pril2-6;13,8
tdb;pri;l2;pril2-6;13,25
tdb;pri;l2;pril2-6;12,1
tdb;pri;l2;pril2-6;13,1
tdb;pri;l2;pril2-6;14,5
tdb;pri;l2;pril2-6;13,9
tdb;pri;l2;pril2-5;17,6
tdb;pri;l2;pril2-5;14,35
tdb;pri;l2;pril2-5;17,6
tdb;pri;l2;pril2-5;14,13
tdb;pri;l2;pril2-5;13,95
tdb;pri;l2;pril2-5;15
tdb;pri;l2;pril2-5;12,9
tdb;pri;l2;pril2-5;13,8
tdb;pri;l2;pril2-5;11,95
tdb;pri;l2;pril2-5;16,6
tdb;pri;l2;pril2-5;13,95
tdb;pri;l2;pril2-5;15
tdb;pri;l2;pril2-5;12,7
tdb;pri;l2;pril2-5;12,45
tdb;pri;l2;pril2-5;13,6
tdb;pri;l2;pril2-4;17,05
tdb;pri;l2;pril2-4;15,65
tdb;pri;l2;pril2-4;19,8
tdb;pri;l2;pril2-4;16
tdb;pri;l2;pril2-4;16,85
tdb;pri;l2;pril2-4;15
tdb;pri;l2;pril2-4;14,2
tdb;pri;l2;pril2-4;13
tdb;pri;l2;pril2-4;14,2
tdb;pri;l2;pril2-4;15,25
tdb;pri;l2;pril2-4;13,14
tdb;pri;l2;pril2-4;17
tdb;pri;l2;pril2-4;16,2
tdb;pri;l2;pril2-3;14,75
tdb;pri;l2;pril2-3;18,4
tdb;pri;l2;pril2-3;15,95
tdb;pri;l2;pril2-3;17
tdb;pri;l2;pril2-3;15,55
tdb;pri;l2;pril2-3;14,7
tdb;pri;l2;pril2-3;15,5
tdb;pri;l2;pril2-3;15,8
tdb;pri;l2;pril2-3;13,8
tdb;pri;l2;pril2-3;14,5
tdb;pri;l2;pril2-3;13,6
tdb;pri;l2;pril2-3;14,3
tdb;pri;l2;pril2-3;13
tdb;pri;l2;pril2-2;14,55
tdb;pri;l2;pril2-2;16,15
tdb;pri;l2;pril2-2;14,9
tdb;pri;l2;pril2-2;14,8
tdb;pri;l2;pril2-2;14,65
tdb;pri;l2;pril2-2;12,7
tdb;pri;l2;pril2-2;15
tdb;pri;l2;pril2-2;13,05
tdb;pri;l2;pril2-2;12,5
tdb;pri;l2;pril2-2;14
tdb;pri;l2;pril2-2;16
tdb;pri;l2;pril2-2;16,6
tdb;pri;l2;pril2-2;14,6
tdb;pri;l2;pril2-2;13,6
tdb;pri;l2;pril2-2;11,9
tdb;pri;l2;pril2-2;11,3
tdb;pri;l2;pril2-2;11,65
tdb;pri;l2;pril2-1;14,05
tdb;pri;l2;pril2-1;12,5
tdb;pri;l2;pril2-1;16,55
tdb;pri;l2;pril2-1;13,6
tdb;pri;l2;pril2-1;12,6
tdb;pri;l2;pril2-1;15,2
tdb;pri;l2;pril2-1;12,2
tdb;pri;l2;pril2-1;15,95
tdb;pri;l2;pril2-1;13,6
tdb;pri;l2;pril2-1;15,5
tdb;pri;l2;pril2-1;17,2
tdb;pri;l2;pril2-1;13,7
tdb;pri;l2;pril2-1;12,6
tdb;pri;l3;pril3-7;17,65
tdb;pri;l3;pril3-7;15,95
tdb;pri;l3;pril3-7;14,15
tdb;pri;l3;pril3-7;15,4
tdb;pri;l3;pril3-7;13,8
tdb;pri;l3;pril3-7;15,8
tdb;pri;l3;pril3-7;15,65
tdb;pri;l3;pril3-7;16
tdb;pri;l3;pril3-7;12,7
tdb;pri;l3;pril3-7;12,4
tdb;pri;l3;pril3-7;15,05
tdb;pri;l3;pril3-7;16,7
tdb;pri;l3;pril3-7;12,4
tdb;pri;l3;pril3-7;14,4
tdb;pri;l3;pril3-7;12,85
tdb;pri;l3;pril3-7;13,3
tdb;pri;l3;pril3-7;14,7
tdb;pri;l3;pril3-7;14,95
tdb;pri;l3;pril3-7;13,7
tdb;pri;l3;pril3-1;15,2
tdb;pri;l3;pril3-1;10,9
tdb;pri;l3;pril3-1;12,2
tdb;pri;l3;pril3-1;10,4
tdb;pri;l3;pril3-1;11,85
tdb;pri;l3;pril3-1;13,85
tdb;pri;l3;pril3-1;14,15
tdb;pri;l3;pril3-1;12,5
tdb;pri;l3;pril3-1;13,7
tdb;pri;l3;pril3-1;13,8
tdb;pri;l3;pril3-1;13,3
tdb;pri;l3;pril3-1;15,4
tdb;pri;l3;pril3-1;11,65
tdb;pri;l3;pril3-1;11,15
tdb;pri;l3;pril3-6;17,05
tdb;pri;l3;pril3-6;15,2
tdb;pri;l3;pril3-6;14,8
tdb;pri;l3;pril3-6;15,3
tdb;pri;l3;pril3-6;12,6
tdb;pri;l3;pril3-6;18,1
tdb;pri;l3;pril3-6;15,85
tdb;pri;l3;pril3-6;16
tdb;pri;l3;pril3-6;13,1
tdb;pri;l3;pril3-6;13,6
tdb;pri;l3;pril3-6;12,95
tdb;pri;l3;pril3-6;12,6
tdb;pri;l3;pril3-6;17,1
tdb;pri;l3;pril3-6;12
tdb;pri;l3;pril3-6;11,8
tdb;pri;l3;pril3-6;15,2
tdb;pri;l3;pril3-6;14,3
tdb;pri;l3;pril3-6;13
tdb;pri;l3;pril3-6;16,1
tdb;pri;l3;pril3-6;14,95
tdb;pri;l3;pril3-6;12,2
tdb;pri;l3;pril3-6;13,7
tdb;pri;l3;pril3-5;15,55
tdb;pri;l3;pril3-5;15,1
tdb;pri;l3;pril3-5;15,9
tdb;pri;l3;pril3-5;15,3
tdb;pri;l3;pril3-5;13
tdb;pri;l3;pril3-5;15,3
tdb;pri;l3;pril3-5;18,2
tdb;pri;l3;pril3-5;16,2
tdb;pri;l3;pril3-5;15,3
tdb;pri;l3;pril3-5;12
tdb;pri;l3;pril3-5;14,2
tdb;pri;l3;pril3-5;15,2
tdb;pri;l3;pril3-5;14,5
tdb;pri;l3;pril3-5;14,8
tdb;pri;l3;pril3-5;14,55
tdb;pri;l3;pril3-5;13,6
tdb;pri;l3;pril3-2;13,1
tdb;pri;l3;pril3-2;14,6
tdb;pri;l3;pril3-2;15,65
tdb;pri;l3;pril3-2;17,15
tdb;pri;l3;pril3-2;13,45
tdb;pri;l3;pril3-2;13,45
tdb;pri;l3;pril3-2;14,85
tdb;pri;l3;pril3-2;13,45
tdb;pri;l3;pril3-2;12,9
tdb;pri;l3;pril3-2;14,8
tdb;pri;l3;pril3-2;12,8
tdb;pri;l3;pril3-2;15
tdb;pri;l3;pril3-2;13,8
tdb;pri;l3;pril3-2;14,5
tdb;pri;l3;pril3-2;13
tdb;pri;l3;pril3-2;12,4
tdb;pri;l3;pril3-3;16,5
tdb;pri;l3;pril3-3;16,25
tdb;pri;l3;pril3-3;16,85
tdb;pri;l3;pril3-3;16,45
tdb;pri;l3;pril3-3;15,25
tdb;pri;l3;pril3-3;15
tdb;pri;l3;pril3-3;17,85
tdb;pri;l3;pril3-3;15,6
tdb;pri;l3;pril3-3;16,2
tdb;pri;l3;pril3-3;16,45
tdb;pri;l3;pril3-3;14
tdb;pri;l3;pril3-3;16,8
tdb;pri;l3;pril3-3;15,1
tdb;pri;l3;pril3-3;12,4
tdb;pri;l3;pril3-3;12,4
tdb;pri;l3;pril3-3;14
tdb;pri;l3;pril3-4;13,6
tdb;pri;l3;pril3-4;15
tdb;pri;l3;pril3-4;15,5
tdb;pri;l3;pril3-4;16,3
tdb;pri;l3;pril3-4;13,1
tdb;pri;l3;pril3-4;12,9
tdb;pri;l3;pril3-4;13,7
tdb;pri;l3;pril3-4;15,4
tdb;pri;l3;pril3-4;12,6
tdb;pri;l3;pril3-4;12,15
tdb;pri;l3;pril3-4;13,75
tdb;pri;l3;pril3-4;13,85
tdb;pri;l3;pril3-4;16,15
tdb;pri;l3;pril3-4;10,7
tdb;pri;l3;pril3-4;15,05
tdb;pri;l3;pril3-4;14,1
sta.lu;pri;l2;pril2-6;13,8
sta.lu;pri;l2;pril2-6;14,1
sta.lu;pri;l2;pril2-6;12,8
sta.lu;pri;l2;pril2-6;14,5
sta.lu;pri;l2;pril2-6;15,2
sta.lu;pri;l2;pril2-6;15,1
sta.lu;pri;l2;pril2-6;15,2
sta.lu;pri;l2;pril2-6;14,3
sta.lu;pri;l2;pril2-6;14,3
sta.lu;pri;l2;pril2-6;13,8
sta.lu;pri;l2;pril2-7;13,8
sta.lu;pri;l2;pril2-7;13,5
sta.lu;pri;l2;pril2-7;16
sta.lu;pri;l2;pril2-7;15,2
sta.lu;pri;l2;pril2-7;14,6
sta.lu;pri;l2;pril2-7;13,1
sta.lu;pri;l2;pril2-7;13,8
sta.lu;pri;l2;pril2-7;14,3
sta.lu;pri;l2;pril2-7;13,4
sta.lu;pri;l2;pril2-7;13,2
sta.lu;pri;l2;pril2-4;13,3
sta.lu;pri;l2;pril2-4;12,6
sta.lu;pri;l2;pril2-4;13,3
sta.lu;pri;l2;pril2-4;12,2
sta.lu;pri;l2;pril2-4;11,8
sta.lu;pri;l2;pril2-4;13,2
sta.lu;pri;l2;pril2-4;12,9
sta.lu;pri;l2;pril2-4;12,6
sta.lu;pri;l2;pril2-4;11,5
sta.lu;pri;l2;pril2-4;11,5
sta.lu;pri;l2;pril2-5;16,1
sta.lu;pri;l2;pril2-5;15,1
sta.lu;pri;l2;pril2-5;15,6
sta.lu;pri;l2;pril2-5;14,5
sta.lu;pri;l2;pril2-5;15,5
sta.lu;pri;l2;pril2-5;14,1
sta.lu;pri;l2;pril2-5;15,5
sta.lu;pri;l2;pril2-5;12,3
sta.lu;pri;l2;pril2-5;14,16
sta.lu;pri;l2;pril2-5;11,8
sta.lu;pri;l2;pril2-2;13,1
sta.lu;pri;l2;pril2-2;14,5
sta.lu;pri;l2;pril2-2;14,2
sta.lu;pri;l2;pril2-2;13,2
sta.lu;pri;l2;pril2-2;15,6
sta.lu;pri;l2;pril2-2;16,4
sta.lu;pri;l2;pril2-2;17,1
sta.lu;pri;l2;pril2-2;15,9
sta.lu;pri;l2;pril2-2;13,5
sta.lu;pri;l2;pril2-2;13,9
sta.lu;pri;l2;pril2-3;18,5
sta.lu;pri;l2;pril2-3;14,7
sta.lu;pri;l2;pril2-3;13,6
sta.lu;pri;l2;pril2-3;15,3
sta.lu;pri;l2;pril2-3;15,9
sta.lu;pri;l2;pril2-3;14,3
sta.lu;pri;l2;pril2-3;14,8
sta.lu;pri;l2;pril2-3;14,7
sta.lu;pri;l2;pril2-3;14,7
sta.lu;pri;l2;pril2-3;13,2
sta.lu;pri;l2;pril2-1;14
sta.lu;pri;l2;pril2-1;14,9
sta.lu;pri;l2;pril2-1;14
sta.lu;pri;l2;pril2-1;14,9
sta.lu;pri;l2;pril2-1;14,9
sta.lu;pri;l2;pril2-1;15,6
sta.lu;pri;l2;pril2-1;16,5
sta.lu;pri;l2;pril2-1;14,9
sta.lu;pri;l2;pril2-1;15
sta.lu;pri;l2;pril2-1;14,8
sta.lu;pri;l1;pril1-1;13,3
sta.lu;pri;l1;pril1-1;12,3
sta.lu;pri;l1;pril1-1;12,2
sta.lu;pri;l1;pril1-1;13,2
sta.lu;pri;l1;pril1-1;13
sta.lu;pri;l1;pril1-1;13,4
sta.lu;pri;l1;pril1-1;12,3
sta.lu;pri;l1;pril1-1;12,7
sta.lu;pri;l1;pril1-1;13,2
sta.lu;pri;l1;pril1-1;12,6
sta.lu;pri;l1;pril1-2;15,6
sta.lu;pri;l1;pril1-2;13,1
sta.lu;pri;l1;pril1-2;14,3
sta.lu;pri;l1;pril1-2;13,2
sta.lu;pri;l1;pril1-2;14,7
sta.lu;pri;l1;pril1-2;13,6
sta.lu;pri;l1;pril1-2;13,9
sta.lu;pri;l1;pril1-2;11,9
sta.lu;pri;l1;pril1-2;13,2
sta.lu;pri;l1;pril1-2;13,9
sta.lu;pri;l1;pril1-3;13,2
sta.lu;pri;l1;pril1-3;14,1
sta.lu;pri;l1;pril1-3;12,5
sta.lu;pri;l1;pril1-3;11,9
sta.lu;pri;l1;pril1-3;12,1
sta.lu;pri;l1;pril1-3;11,4
sta.lu;pri;l1;pril1-3;15
sta.lu;pri;l1;pril1-3;12,7
sta.lu;pri;l1;pril1-3;12,1
sta.lu;pri;l1;pril1-3;12,3
sta.lu;pri;l1;pril1-4;14,6
sta.lu;pri;l1;pril1-4;13,6
sta.lu;pri;l1;pril1-4;12,9
sta.lu;pri;l1;pril1-4;10,7
sta.lu;pri;l1;pril1-4;11,5
sta.lu;pri;l1;pril1-4;11,8
sta.lu;pri;l1;pril1-4;12,8
sta.lu;pri;l1;pril1-4;11,3
sta.lu;pri;l1;pril1-4;11
sta.lu;pri;l1;pril1-4;10,7
sta.lu;pri;l1;pril1-5;14,9
sta.lu;pri;l1;pril1-5;13,9
sta.lu;pri;l1;pril1-5;13,6
sta.lu;pri;l1;pril1-5;13,1
sta.lu;pri;l1;pril1-5;14,3
sta.lu;pri;l1;pril1-5;12,9
sta.lu;pri;l1;pril1-5;14,4
sta.lu;pri;l1;pril1-5;13,6
sta.lu;pri;l1;pril1-5;13,1
sta.lu;pri;l1;pril1-5;12,1
sta.lu;pri;l1;pril1-7;14,3
sta.lu;pri;l1;pril1-7;12,7
sta.lu;pri;l1;pril1-7;11,7
sta.lu;pri;l1;pril1-7;10,8
sta.lu;pri;l1;pril1-7;12,5
sta.lu;pri;l1;pril1-7;9,8
sta.lu;pri;l1;pril1-7;10,2
sta.lu;pri;l1;pril1-7;12,7
sta.lu;pri;l1;pril1-7;12,9
sta.lu;pri;l1;pril1-7;12,2
sta.lu;pri;l1;pril1-6;11,5
sta.lu;pri;l1;pril1-6;11
sta.lu;pri;l1;pril1-6;13,6
sta.lu;pri;l1;pril1-6;11,8
sta.lu;pri;l1;pril1-6;10,3
sta.lu;pri;l1;pril1-6;11,4
sta.lu;pri;l1;pril1-6;14,1
sta.lu;pri;l1;pril1-6;12,1
sta.lu;pri;l1;pril1-6;11,9
sta.lu;pri;l1;pril1-6;10,9
citro;pri;l3;pril3-1;14,65
citro;pri;l3;pril3-1;16,65
citro;pri;l3;pril3-1;12,95
citro;pri;l3;pril3-1;14,05
citro;pri;l3;pril3-1;13,2
citro;pri;l3;pril3-1;16,35
citro;pri;l3;pril3-1;14,6
citro;pri;l3;pril3-1;14,2
citro;pri;l3;pril3-1;14,35
citro;pri;l3;pril3-1;12,75
citro;pri;l3;pril3-3;17,5
citro;pri;l3;pril3-3;16
citro;pri;l3;pril3-3;16,3
citro;pri;l3;pril3-3;15
citro;pri;l3;pril3-3;17,2
citro;pri;l3;pril3-3;16,2
citro;pri;l3;pril3-3;15,8
citro;pri;l3;pril3-3;14,75
citro;pri;l3;pril3-3;15,4
citro;pri;l3;pril3-3;15,65
citro;pri;l3;pril3-2;15,95
citro;pri;l3;pril3-2;17
citro;pri;l3;pril3-2;17,14
citro;pri;l3;pril3-2;16,05
citro;pri;l3;pril3-2;17,8
citro;pri;l3;pril3-2;15,35
citro;pri;l3;pril3-2;15,6
citro;pri;l3;pril3-2;16,7
citro;pri;l3;pril3-2;16,5
citro;pri;l3;pril3-2;13,45
citro;pri;l3;pril3-5;16
citro;pri;l3;pril3-5;13,4
citro;pri;l3;pril3-5;16,8
citro;pri;l3;pril3-5;16,9
citro;pri;l3;pril3-5;15
citro;pri;l3;pril3-5;14,6
citro;pri;l3;pril3-5;15,4
citro;pri;l3;pril3-5;14,6
citro;pri;l3;pril3-5;15,9
citro;pri;l3;pril3-5;14,2
citro;pri;l3;pril3-4;12,7
citro;pri;l3;pril3-4;14,3
citro;pri;l3;pril3-4;15,5
citro;pri;l3;pril3-4;15
citro;pri;l3;pril3-4;13,75
citro;pri;l3;pril3-4;14,05
citro;pri;l3;pril3-4;15,55
citro;pri;l3;pril3-4;14,6
citro;pri;l3;pril3-4;14,3
citro;pri;l3;pril3-4;13,95
citro;pri;l3;pril3-7;15,8
citro;pri;l3;pril3-7;14,45
citro;pri;l3;pril3-7;14,8
citro;pri;l3;pril3-7;15,7
citro;pri;l3;pril3-7;13,25
citro;pri;l3;pril3-7;13,85
citro;pri;l3;pril3-7;15,35
citro;pri;l3;pril3-7;13,1
citro;pri;l3;pril3-7;14
citro;pri;l3;pril3-7;13,55
citro;pri;l3;pril3-6;15
citro;pri;l3;pril3-6;15,15
citro;pri;l3;pril3-6;14,05
citro;pri;l3;pril3-6;14,95
citro;pri;l3;pril3-6;15,45
citro;pri;l3;pril3-6;15,5
citro;pri;l3;pril3-6;14,55
citro;pri;l3;pril3-6;12,95
citro;pri;l3;pril3-6;12,25
citro;pri;l4;pril4-2;14,75
citro;pri;l4;pril4-2;16,2
citro;pri;l4;pril4-2;14,5
citro;pri;l4;pril4-2;15,2
citro;pri;l4;pril4-2;17,5
citro;pri;l4;pril4-2;16,3
citro;pri;l4;pril4-2;14,85
citro;pri;l4;pril4-2;15,2
citro;pri;l4;pril4-2;16,7
citro;pri;l4;pril4-2;14,3
citro;pri;l4;pril4-1;18,2
citro;pri;l4;pril4-1;14,4
citro;pri;l4;pril4-1;14,7
citro;pri;l4;pril4-1;17,15
citro;pri;l4;pril4-1;14,15
citro;pri;l4;pril4-1;15,1
citro;pri;l4;pril4-1;15,6
citro;pri;l4;pril4-1;14,1
citro;pri;l4;pril4-1;16,5
citro;pri;l4;pril4-1;13,35
citro;pri;l4;pril4-4;14,85
citro;pri;l4;pril4-4;17,8
citro;pri;l4;pril4-4;17
citro;pri;l4;pril4-4;17,9
citro;pri;l4;pril4-4;16,1
citro;pri;l4;pril4-4;17,45
citro;pri;l4;pril4-4;15
citro;pri;l4;pril4-4;16,6
citro;pri;l4;pril4-4;13,1
citro;pri;l4;pril4-4;15,6
citro;pri;l4;pril4-3;18,9
citro;pri;l4;pril4-3;18,9
citro;pri;l4;pril4-3;16
citro;pri;l4;pril4-3;14,9
citro;pri;l4;pril4-3;15,1
citro;pri;l4;pril4-3;15,5
citro;pri;l4;pril4-3;15,85
citro;pri;l4;pril4-3;17,2
citro;pri;l4;pril4-3;15,8
citro;pri;l4;pril4-3;15,85
citro;pri;l4;pril4-6;16,8
citro;pri;l4;pril4-6;16,4
citro;pri;l4;pril4-6;15,95
citro;pri;l4;pril4-6;17,6
citro;pri;l4;pril4-6;15,6
citro;pri;l4;pril4-6;14,5
citro;pri;l4;pril4-6;16,9
citro;pri;l4;pril4-6;14,4
citro;pri;l4;pril4-6;14,3
citro;pri;l4;pril4-6;14,1
citro;pri;l4;pril4-7;16,9
citro;pri;l4;pril4-7;15,7
citro;pri;l4;pril4-7;16,9
citro;pri;l4;pril4-7;17
citro;pri;l4;pril4-7;15,9
citro;pri;l4;pril4-7;14,5
citro;pri;l4;pril4-7;16,25
citro;pri;l4;pril4-7;15,4
citro;pri;l4;pril4-7;16,05
citro;pri;l4;pril4-7;14,5
citro;pri;l4;pril4-5;19,45
citro;pri;l4;pril4-5;16,75
citro;pri;l4;pril4-5;17,9
citro;pri;l4;pril4-5;16,75
citro;pri;l4;pril4-5;14,2
citro;pri;l4;pril4-5;15,15
citro;pri;l4;pril4-5;18,4
citro;pri;l4;pril4-5;18,75
citro;pri;l4;pril4-5;14,3
citro;pri;l4;pril4-5;16,75
tda;pri;l1;pril1-6;12,1
tda;pri;l1;pril1-6;12,55
tda;pri;l1;pril1-6;12,75
tda;pri;l1;pril1-6;11,95
tda;pri;l1;pril1-6;13
tda;pri;l1;pril1-6;12,5
tda;pri;l1;pril1-6;11,45
tda;pri;l1;pril1-6;12,1
tda;pri;l1;pril1-6;13,05
tda;pri;l1;pril1-6;12,2
tda;pri;l1;pril1-6;12,35
tda;pri;l1;pril1-6;12,5
tda;pri;l1;pril1-6;13
tda;pri;l1;pril1-6;12,45
tda;pri;l1;pril1-6;14,05
tda;pri;l1;pril1-2;12,85
tda;pri;l1;pril1-2;13,75
tda;pri;l1;pril1-2;15,45
tda;pri;l1;pril1-2;13,9
tda;pri;l1;pril1-2;15,25
tda;pri;l1;pril1-2;13,85
tda;pri;l1;pril1-2;16,95
tda;pri;l1;pril1-2;12,4
tda;pri;l1;pril1-2;16
tda;pri;l1;pril1-2;16,4
tda;pri;l1;pril1-2;13,25
tda;pri;l1;pril1-2;14
tda;pri;l1;pril1-2;16,3
tda;pri;l1;pril1-2;13,25
tda;pri;l1;pril1-3;14,85
tda;pri;l1;pril1-3;16,2
tda;pri;l1;pril1-3;13
tda;pri;l1;pril1-3;14,6
tda;pri;l1;pril1-3;14,2
tda;pri;l1;pril1-3;14
tda;pri;l1;pril1-3;15,75
tda;pri;l1;pril1-3;11,45
tda;pri;l1;pril1-3;13,85
tda;pri;l1;pril1-3;15,5
tda;pri;l1;pril1-3;15,35
tda;pri;l1;pril1-3;13,2
tda;pri;l1;pril1-3;13,5
tda;pri;l1;pril1-3;14,6
tda;pri;l1;pril1-3;14,4
tda;pri;l1;pril1-3;12,35
tda;pri;l1;pril1-3;12,6
tda;pri;l1;pril1-1;14,95
tda;pri;l1;pril1-1;13,65
tda;pri;l1;pril1-1;14,2
tda;pri;l1;pril1-1;12,65
tda;pri;l1;pril1-1;14,35
tda;pri;l1;pril1-1;12,85
tda;pri;l1;pril1-1;14,4
tda;pri;l1;pril1-1;14,55
tda;pri;l1;pril1-1;14,45
tda;pri;l1;pril1-1;12,9
tda;pri;l1;pril1-1;13,85
tda;pri;l1;pril1-1;14,15
tda;pri;l1;pril1-1;14,75
tda;pri;l1;pril1-1;14,15
tda;pri;l1;pril1-1;13,8
tda;pri;l1;pril1-1;12,65
tda;pri;l1;pril1-1;12,75
tda;pri;l1;pril1-1;14,15
tda;pri;l1;pril1-1;13,6
tda;pri;l1;pril1-1;13,85
tda;pri;l1;pril1-1;11,3
tda;pri;l1;pril1-1;12,8
tda;pri;l1;pril1-1;13,05
tda;pri;l1;pril1-1;11,8
tda;pri;l1;pril1-1;11,7
tda;pri;l1;pril1-1;12,1
tda;pri;l1;pril1-5;16,05
tda;pri;l1;pril1-5;13,35
tda;pri;l1;pril1-5;15,75
tda;pri;l1;pril1-5;15
tda;pri;l1;pril1-5;14,2
tda;pri;l1;pril1-5;13,25
tda;pri;l1;pril1-5;16,2
tda;pri;l1;pril1-5;13,65
tda;pri;l1;pril1-5;16
tda;pri;l1;pril1-5;13,85
tda;pri;l1;pril1-5;15,05
tda;pri;l1;pril1-5;12,95
tda;pri;l1;pril1-5;11,5
tda;pri;l1;pril1-5;15
tda;pri;l1;pril1-5;13,7
tda;pri;l1;pril1-5;10,65
tda;pri;l1;pril1-5;13,5
tda;pri;l1;pril1-5;15,2
tda;pri;l1;pril1-5;13,6
tda;pri;l1;pril1-5;15,1
tda;pri;l1;pril1-5;13,05
tda;pri;l1;pril1-5;11,6
tda;pri;l1;pril1-4;13,3
tda;pri;l1;pril1-4;13,35
tda;pri;l1;pril1-4;14,2
tda;pri;l1;pril1-4;14,25
tda;pri;l1;pril1-4;14,1
tda;pri;l1;pril1-4;13,2
tda;pri;l1;pril1-4;12,6
tda;pri;l1;pril1-4;13,5
tda;pri;l1;pril1-4;12,45
tda;pri;l1;pril1-4;14,2
tda;pri;l1;pril1-4;13,3
tda;pri;l1;pril1-4;14,45
tda;pri;l1;pril1-4;14,25
tda;pri;l1;pril1-4;12,85
tda;pri;l1;pril1-4;13,6
tda;pri;l1;pril1-4;14,1
tda;pri;l1;pril1-4;11,85
tda;pri;l1;pril1-4;13,6
tda;pri;l1;pril1-4;12,4
tda;pri;l1;pril1-7;14,8
tda;pri;l1;pril1-7;15,55
tda;pri;l1;pril1-7;16,65
tda;pri;l1;pril1-7;15,5
tda;pri;l1;pril1-7;14,8
tda;pri;l1;pril1-7;12,15
tda;pri;l1;pril1-7;14,4
tda;pri;l1;pril1-7;15,55
tda;pri;l1;pril1-7;17
tda;pri;l1;pril1-7;16,1
tda;pri;l1;pril1-7;15,6
tda;pri;l1;pril1-7;15,8
tda;pri;l1;pril1-7;15,75
tda;pri;l1;pril1-7;15,05
tda;pri;l1;pril1-7;13,9
tda;pri;l1;pril1-7;14,6
tda;pri;l1;pril1-7;12,5
tdb;pri;l5;pril5-7;19,2
tdb;pri;l5;pril5-7;16,95
tdb;pri;l5;pril5-7;13,7
tdb;pri;l5;pril5-7;13,45
tdb;pri;l5;pril5-7;14,45
tdb;pri;l5;pril5-7;14,45
tdb;pri;l5;pril5-7;16,15
tdb;pri;l5;pril5-7;15,05
tdb;pri;l5;pril5-7;16,7
tdb;pri;l5;pril5-7;14
tdb;pri;l5;pril5-7;15,5
tdb;pri;l5;pril5-7;14,15
tdb;pri;l5;pril5-7;16,3
tdb;pri;l5;pril5-7;12,5
tdb;pri;l5;pril5-7;13
tdb;pri;l5;pril5-7;13,1
tdb;pri;l5;pril5-7;15,1
tdb;pri;l5;pril5-7;16,65
tdb;pri;l5;pril5-7;15,4
tdb;pri;l5;pril5-6;14,1
tdb;pri;l5;pril5-6;15,3
tdb;pri;l5;pril5-6;13,5
tdb;pri;l5;pril5-6;11,5
tdb;pri;l5;pril5-6;14,55
tdb;pri;l5;pril5-6;13,7
tdb;pri;l5;pril5-6;14,45
tdb;pri;l5;pril5-6;13,5
tdb;pri;l5;pril5-6;13,3
tdb;pri;l5;pril5-6;16,05
tdb;pri;l5;pril5-6;13,7
tdb;pri;l5;pril5-6;12,75
tdb;pri;l5;pril5-6;13,75
tdb;pri;l5;pril5-6;13,6
tdb;pri;l5;pril5-6;12,75
tdb;pri;l5;pril5-6;10,15
tdb;pri;l5;pril5-6;13,7
tdb;pri;l5;pril5-6;10,75
tdb;pri;l5;pril5-6;14,95
tdb;pri;l5;pril5-6;12,7
tdb;pri;l5;pril5-6;14,5
tdb;pri;l5;pril5-6;14
tdb;pri;l5;pril5-6;12,4
tdb;pri;l5;pril5-6;10,8
tdb;pri;l5;pril5-5;13,6
tdb;pri;l5;pril5-5;14,1
tdb;pri;l5;pril5-5;10,1
tdb;pri;l5;pril5-5;12,6
tdb;pri;l5;pril5-5;12,6
tdb;pri;l5;pril5-5;12,5
tdb;pri;l5;pril5-5;11,45
tdb;pri;l5;pril5-5;13
tdb;pri;l5;pril5-5;12,8
tdb;pri;l5;pril5-5;13,45
tdb;pri;l5;pril5-5;11,95
tdb;pri;l5;pril5-5;12,25
tdb;pri;l5;pril5-5;11,95
tdb;pri;l5;pril5-5;11,6
tdb;pri;l5;pril5-5;11,25
tdb;pri;l5;pril5-5;11,1
tdb;pri;l5;pril5-5;10,1
tdb;pri;l5;pril5-4;14,4
tdb;pri;l5;pril5-4;13,95
tdb;pri;l5;pril5-4;13,55
tdb;pri;l5;pril5-4;14,2
tdb;pri;l5;pril5-4;12,6
tdb;pri;l5;pril5-4;13,2
tdb;pri;l5;pril5-4;12,55
tdb;pri;l5;pril5-4;12,5
tdb;pri;l5;pril5-4;13,75
tdb;pri;l5;pril5-4;14,65
tdb;pri;l5;pril5-4;10,35
tdb;pri;l5;pril5-4;12,95
tdb;pri;l5;pril5-4;10,95
tdb;pri;l5;pril5-4;14,4
tdb;pri;l5;pril5-4;13
tdb;pri;l5;pril5-4;12,45
tdb;pri;l5;pril5-4;13
tdb;pri;l5;pril5-4;13,25
tdb;pri;l5;pril5-4;12,25
tdb;pri;l5;pril5-1;12,6
tdb;pri;l5;pril5-1;15,3
tdb;pri;l5;pril5-1;14
tdb;pri;l5;pril5-1;15,1
tdb;pri;l5;pril5-1;10,9
tdb;pri;l5;pril5-1;13,2
tdb;pri;l5;pril5-1;12,45
tdb;pri;l5;pril5-1;12,4
tdb;pri;l5;pril5-1;12,65
tdb;pri;l5;pril5-1;15,65
tdb;pri;l5;pril5-1;13,45
tdb;pri;l5;pril5-1;11,85
tdb;pri;l5;pril5-1;14,5
tdb;pri;l5;pril5-1;15,2
tdb;pri;l5;pril5-1;14,65
tdb;pri;l5;pril5-1;14
tdb;pri;l5;pril5-1;15,65
tdb;pri;l5;pril5-1;11,9
tdb;pri;l5;pril5-2;16,1
tdb;pri;l5;pril5-2;15,5
tdb;pri;l5;pril5-2;16,05
tdb;pri;l5;pril5-2;15,9
tdb;pri;l5;pril5-2;13,45
tdb;pri;l5;pril5-2;13,9
tdb;pri;l5;pril5-2;14,55
tdb;pri;l5;pril5-2;14,25
tdb;pri;l5;pril5-2;13,4
tdb;pri;l5;pril5-2;14,9
tdb;pri;l5;pril5-2;14,75
tdb;pri;l5;pril5-2;14,15
tdb;pri;l5;pril5-2;14,4
tdb;pri;l5;pril5-2;15,8
tdb;pri;l5;pril5-2;14,15
tdb;pri;l5;pril5-2;15,25
tdb;pri;l5;pril5-2;12,5
tdb;pri;l5;pril5-2;13,2
tdb;pri;l5;pril5-2;12,2
tdb;pri;l5;pril5-3;11,7
tdb;pri;l5;pril5-3;16,35
tdb;pri;l5;pril5-3;13,2
tdb;pri;l5;pril5-3;14,9
tdb;pri;l5;pril5-3;15
tdb;pri;l5;pril5-3;14,25
tdb;pri;l5;pril5-3;13,95
tdb;pri;l5;pril5-3;10,45
tdb;pri;l5;pril5-3;15,15
tdb;pri;l5;pril5-3;12,95
tdb;pri;l5;pril5-3;13,1
tdb;pri;l5;pril5-3;13,95
tdb;pri;l5;pril5-3;12,15
tdb;pri;l5;pril5-3;14,55
tdb;pri;l5;pril5-3;15,65
tdb;pri;l5;pril5-3;11,25
tdb;pri;l5;pril5-3;14,35
tdb;pri;l5;pril5-3;15,4
tdb;pri;l5;pril5-3;11,45
tdb;pri;l5;pril5-3;11,4
tdb;pri;l1;pril1-7;12,35
tdb;pri;l1;pril1-7;15,15
tdb;pri;l1;pril1-7;15
tdb;pri;l1;pril1-7;14
tdb;pri;l1;pril1-7;14,2
tdb;pri;l1;pril1-7;14,15
tdb;pri;l1;pril1-7;16,05
tdb;pri;l1;pril1-7;16
tdb;pri;l1;pril1-7;14,75
tdb;pri;l1;pril1-7;15,7
tdb;pri;l1;pril1-7;13,1
tdb;pri;l1;pril1-7;15,9
tdb;pri;l1;pril1-7;13,4
tdb;pri;l1;pril1-1;11,75
tdb;pri;l1;pril1-1;16,3
tdb;pri;l1;pril1-1;13,4
tdb;pri;l1;pril1-1;13,55
tdb;pri;l1;pril1-1;13,7
tdb;pri;l1;pril1-1;10,65
tdb;pri;l1;pril1-1;14,3
tdb;pri;l1;pril1-1;13,45
tdb;pri;l1;pril1-1;15,25
tdb;pri;l1;pril1-1;14,55
tdb;pri;l1;pril1-1;15
tdb;pri;l1;pril1-1;13,35
tdb;pri;l1;pril1-1;11,3
tdb;pri;l1;pril1-6;16,8
tdb;pri;l1;pril1-6;14,95
tdb;pri;l1;pril1-6;16,75
tdb;pri;l1;pril1-6;15,7
tdb;pri;l1;pril1-6;16,55
tdb;pri;l1;pril1-6;12,3
tdb;pri;l1;pril1-6;13,7
tdb;pri;l1;pril1-6;16,85
tdb;pri;l1;pril1-6;15,6
tdb;pri;l1;pril1-6;14,8
tdb;pri;l1;pril1-6;13,9
tdb;pri;l1;pril1-6;14,05
tdb;pri;l1;pril1-6;13,35
tdb;pri;l1;pril1-6;14,7
tdb;pri;l1;pril1-6;12
tdb;pri;l1;pril1-5;14,5
tdb;pri;l1;pril1-5;14
tdb;pri;l1;pril1-5;14,15
tdb;pri;l1;pril1-5;11,3
tdb;pri;l1;pril1-5;15,1
tdb;pri;l1;pril1-5;14,7
tdb;pri;l1;pril1-5;16,4
tdb;pri;l1;pril1-5;14,05
tdb;pri;l1;pril1-5;14,9
tdb;pri;l1;pril1-5;14,6
tdb;pri;l1;pril1-5;15,1
tdb;pri;l1;pril1-5;15,5
tdb;pri;l1;pril1-5;13,1
tdb;pri;l1;pril1-2;11,9
tdb;pri;l1;pril1-2;15
tdb;pri;l1;pril1-2;14,7
tdb;pri;l1;pril1-2;16,2
tdb;pri;l1;pril1-2;14,2
tdb;pri;l1;pril1-2;15,9
tdb;pri;l1;pril1-2;13,8
tdb;pri;l1;pril1-2;14,95
tdb;pri;l1;pril1-2;16,1
tdb;pri;l1;pril1-2;14,85
tdb;pri;l1;pril1-2;15,6
tdb;pri;l1;pril1-2;14,8
tdb;pri;l1;pril1-4;13,6
tdb;pri;l1;pril1-4;16,25
tdb;pri;l1;pril1-4;14,75
tdb;pri;l1;pril1-4;16,6
tdb;pri;l1;pril1-4;14,7
tdb;pri;l1;pril1-4;15,6
tdb;pri;l1;pril1-4;14,75
tdb;pri;l1;pril1-4;13,8
tdb;pri;l1;pril1-4;14,35
tdb;pri;l1;pril1-4;15,45
tdb;pri;l1;pril1-4;14,6
tdb;pri;l1;pril1-4;14,8
tdb;pri;l1;pril1-4;14,6
tdb;pri;l1;pril1-4;12,35
tdb;pri;l1;pril1-4;11,45
tdb;pri;l1;pril1-3;15,2
tdb;pri;l1;pril1-3;15,4
tdb;pri;l1;pril1-3;11,9
tdb;pri;l1;pril1-3;14,4
tdb;pri;l1;pril1-3;14,7
tdb;pri;l1;pril1-3;15
tdb;pri;l1;pril1-3;11,4
tdb;pri;l1;pril1-3;13,15
tdb;pri;l1;pril1-3;14,45
tdb;pri;l1;pril1-3;15,1
tdb;pri;l1;pril1-3;15,35
tdb;pri;l1;pril1-3;14,3
citro;pri;l2;pril2-1;17,3
citro;pri;l2;pril2-1;16,6
citro;pri;l2;pril2-1;15,45
citro;pri;l2;pril2-1;16
citro;pri;l2;pril2-1;16,1
citro;pri;l2;pril2-1;13,3
citro;pri;l2;pril2-1;15
citro;pri;l2;pril2-1;15,4
citro;pri;l2;pril2-1;14,65
citro;pri;l2;pril2-1;14,9
citro;pri;l2;pril2-1;15,55
citro;pri;l2;pril2-4;17,55
citro;pri;l2;pril2-4;13,7
citro;pri;l2;pril2-4;15,75
citro;pri;l2;pril2-4;14,2
citro;pri;l2;pril2-4;14,8
citro;pri;l2;pril2-4;14,05
citro;pri;l2;pril2-4;16,1
citro;pri;l2;pril2-4;16,5
citro;pri;l2;pril2-4;13,3
citro;pri;l2;pril2-4;13,55
citro;pri;l2;pril2-3;17,4
citro;pri;l2;pril2-3;17,55
citro;pri;l2;pril2-3;18,9
citro;pri;l2;pril2-3;15,8
citro;pri;l2;pril2-3;16,3
citro;pri;l2;pril2-3;14,6
citro;pri;l2;pril2-3;14,7
citro;pri;l2;pril2-3;15,9
citro;pri;l2;pril2-3;15,45
citro;pri;l2;pril2-3;15,05
citro;pri;l2;pril2-2;17,35
citro;pri;l2;pril2-2;16,45
citro;pri;l2;pril2-2;17,25
citro;pri;l2;pril2-2;16,35
citro;pri;l2;pril2-2;17
citro;pri;l2;pril2-2;17,5
citro;pri;l2;pril2-2;17,25
citro;pri;l2;pril2-2;16,8
citro;pri;l2;pril2-2;16,45
citro;pri;l2;pril2-2;17,35
citro;pri;l2;pril2-5;15,2
citro;pri;l2;pril2-5;15,35
citro;pri;l2;pril2-5;15
citro;pri;l2;pril2-5;15,9
citro;pri;l2;pril2-5;15,2
citro;pri;l2;pril2-5;13,7
citro;pri;l2;pril2-5;15,65
citro;pri;l2;pril2-5;13,1
citro;pri;l2;pril2-5;12,8
citro;pri;l2;pril2-5;12,85
citro;pri;l2;pril2-6;14,3
citro;pri;l2;pril2-6;14,95
citro;pri;l2;pril2-6;14,1
citro;pri;l2;pril2-6;15,9
citro;pri;l2;pril2-6;16,6
citro;pri;l2;pril2-6;13,75
citro;pri;l2;pril2-6;15,05
citro;pri;l2;pril2-6;16,45
citro;pri;l2;pril2-6;14,4
citro;pri;l2;pril2-6;15,25
citro;pri;l2;pril2-7;13,1
citro;pri;l2;pril2-7;15
citro;pri;l2;pril2-7;17,2
citro;pri;l2;pril2-7;14,6
citro;pri;l2;pril2-7;16,55
citro;pri;l2;pril2-7;13,25
citro;pri;l2;pril2-7;13,65
citro;pri;l2;pril2-7;16
citro;pri;l2;pril2-7;14,1
citro;pri;l2;pril2-7;14,15
citro;pri;l2;pril2-7;12,2
tda;sj;l1;sj1-7;15,85
tda;sj;l1;sj1-7;15,2
tda;sj;l1;sj1-7;16,4
tda;sj;l1;sj1-7;16,2
tda;sj;l1;sj1-7;12,2
tda;sj;l1;sj1-7;14,75
tda;sj;l1;sj1-7;15
tda;sj;l1;sj1-7;13,9
tda;sj;l1;sj1-7;15,4
tda;sj;l1;sj1-7;15
tda;sj;l1;sj1-7;13,9
tda;sj;l1;sj1-7;15,45
tda;sj;l1;sj1-7;15,5
tda;sj;l1;sj1-7;14,8
tda;sj;l1;sj1-7;14,75
tda;sj;l1;sj1-7;15
tda;sj;l1;sj1-7;15,4
tda;sj;l1;sj1-7;14
tda;sj;l1;sj1-6;14,3
tda;sj;l1;sj1-6;15,95
tda;sj;l1;sj1-6;14,15
tda;sj;l1;sj1-6;13,25
tda;sj;l1;sj1-6;15
tda;sj;l1;sj1-6;14,3
tda;sj;l1;sj1-6;15,15
tda;sj;l1;sj1-6;14,15
tda;sj;l1;sj1-6;15,2
tda;sj;l1;sj1-6;15,5
tda;sj;l1;sj1-6;14,8
tda;sj;l1;sj1-6;13,2
tda;sj;l1;sj1-6;13,4
tda;sj;l1;sj1-6;15,15
tda;sj;l1;sj1-6;16
tda;sj;l1;sj1-6;15,55
tda;sj;l1;sj1-6;14,1
tda;sj;l1;sj1-6;13,45
tda;sj;l1;sj1-6;12,6
tda;sj;l1;sj1-6;12,9
tda;sj;l1;sj1-6;14,75
tda;sj;l1;sj1-6;13,45
tda;sj;l1;sj1-6;13,75
tda;sj;l1;sj1-6;12,6
tda;sj;l1;sj1-6;14,25
tda;sj;l1;sj1-5;14,35
tda;sj;l1;sj1-5;17,3
tda;sj;l1;sj1-5;14,2
tda;sj;l1;sj1-5;15,45
tda;sj;l1;sj1-5;14,45
tda;sj;l1;sj1-5;18
tda;sj;l1;sj1-5;12,95
tda;sj;l1;sj1-5;14,7
tda;sj;l1;sj1-5;14,1
tda;sj;l1;sj1-5;13,5
tda;sj;l1;sj1-5;13,5
tda;sj;l1;sj1-5;15
tda;sj;l1;sj1-5;13,35
tda;sj;l1;sj1-5;12,95
tda;sj;l1;sj1-5;13
tda;sj;l1;sj1-5;12,9
tda;sj;l1;sj1-5;13,5
tda;sj;l1;sj1-4;15
tda;sj;l1;sj1-4;15,3
tda;sj;l1;sj1-4;14,3
tda;sj;l1;sj1-4;13,65
tda;sj;l1;sj1-4;15,65
tda;sj;l1;sj1-4;13,15
tda;sj;l1;sj1-4;13,75
tda;sj;l1;sj1-4;15,05
tda;sj;l1;sj1-4;16
tda;sj;l1;sj1-4;13,6
tda;sj;l1;sj1-4;13,75
tda;sj;l1;sj1-4;13,75
tda;sj;l1;sj1-4;15,4
tda;sj;l1;sj1-4;12,7
tda;sj;l1;sj1-4;14,1
tda;sj;l1;sj1-4;11,9
tda;sj;l1;sj1-4;14,1
tda;sj;l1;sj1-4;14,3
tda;sj;l1;sj1-4;14,1
tda;sj;l1;sj1-3;15,75
tda;sj;l1;sj1-3;13,8
tda;sj;l1;sj1-3;13,9
tda;sj;l1;sj1-3;14,25
tda;sj;l1;sj1-3;14,3
tda;sj;l1;sj1-3;15,35
tda;sj;l1;sj1-3;14,45
tda;sj;l1;sj1-3;13,65
tda;sj;l1;sj1-3;14,8
tda;sj;l1;sj1-3;15,7
tda;sj;l1;sj1-3;15,2
tda;sj;l1;sj1-3;17,1
tda;sj;l1;sj1-3;16,4
tda;sj;l1;sj1-3;14,95
tda;sj;l1;sj1-3;17,25
tda;sj;l1;sj1-3;14,6
tda;sj;l1;sj1-3;14,3
tda;sj;l1;sj1-3;17,15
tda;sj;l1;sj1-3;16,2
tda;sj;l1;sj1-3;15,8
tda;sj;l1;sj1-3;16
tda;sj;l1;sj1-3;15,1
tda;sj;l1;sj1-3;14,8
tda;sj;l1;sj1-3;14,8
tda;sj;l1;sj1-2;20
tda;sj;l1;sj1-2;16,35
tda;sj;l1;sj1-2;15,95
tda;sj;l1;sj1-2;14,25
tda;sj;l1;sj1-2;15,5
tda;sj;l1;sj1-2;17,3
tda;sj;l1;sj1-2;17,55
tda;sj;l1;sj1-2;17,25
tda;sj;l1;sj1-2;15,75
tda;sj;l1;sj1-2;16,35
tda;sj;l1;sj1-2;18
tda;sj;l1;sj1-2;13,9
tda;sj;l1;sj1-2;15,5
tda;sj;l1;sj1-2;15,7
tda;sj;l1;sj1-2;15,95
tda;sj;l1;sj1-2;16,3
tda;sj;l1;sj1-2;15,5
tda;sj;l1;sj1-1;17,65
tda;sj;l1;sj1-1;14,75
tda;sj;l1;sj1-1;14,5
tda;sj;l1;sj1-1;14,9
tda;sj;l1;sj1-1;15,7
tda;sj;l1;sj1-1;13,45
tda;sj;l1;sj1-1;13,55
tda;sj;l1;sj1-1;15,35
tda;sj;l1;sj1-1;14,5
tda;sj;l1;sj1-1;14,75
tda;sj;l1;sj1-1;15,8
tda;sj;l1;sj1-1;16,6
tda;sj;l1;sj1-1;15,25
tda;sj;l1;sj1-1;15,65
tda;sj;l1;sj1-1;16,2
tda;sj;l1;sj1-1;15,75
tda;sj;l1;sj1-1;15,95
tda;sj;l1;sj1-1;15,65
tda;sj;l1;sj1-1;15,4
tda;sj;l1;sj1-1;15,5
tda;sj;l1;sj1-1;14,45
sta.lu;sj;l6;sj6-2;15,45
sta.lu;sj;l6;sj6-2;16,4
sta.lu;sj;l6;sj6-2;15,5
sta.lu;sj;l6;sj6-2;15,75
sta.lu;sj;l6;sj6-2;15,8
sta.lu;sj;l6;sj6-2;15,15
sta.lu;sj;l6;sj6-2;14
sta.lu;sj;l6;sj6-2;14,7
sta.lu;sj;l6;sj6-2;15,9
sta.lu;sj;l6;sj6-2;14
sta.lu;sj;l6;sj6-2;17,1
sta.lu;sj;l6;sj6-2;14,35
sta.lu;sj;l6;sj6-2;15,35
sta.lu;sj;l6;sj6-2;13,75
sta.lu;sj;l6;sj6-2;15,1
sta.lu;sj;l6;sj6-2;13,5
sta.lu;sj;l6;sj6-1;12,6
sta.lu;sj;l6;sj6-1;13,9
sta.lu;sj;l6;sj6-1;13,1
sta.lu;sj;l6;sj6-1;14,05
sta.lu;sj;l6;sj6-1;13,25
sta.lu;sj;l6;sj6-1;14,35
sta.lu;sj;l6;sj6-1;13,8
sta.lu;sj;l6;sj6-1;13,55
sta.lu;sj;l6;sj6-1;13,95
sta.lu;sj;l6;sj6-1;12,1
sta.lu;sj;l6;sj6-1;14,7
sta.lu;sj;l6;sj6-1;11,9
sta.lu;sj;l6;sj6-1;11,85
sta.lu;sj;l6;sj6-1;14,4
sta.lu;sj;l6;sj6-1;14,3
sta.lu;sj;l6;sj6-1;12,8
sta.lu;sj;l6;sj6-1;13,3
sta.lu;sj;l6;sj6-1;13,7
sta.lu;sj;l6;sj6-1;14,15
sta.lu;sj;l6;sj6-1;12,05
sta.lu;sj;l6;sj6-5;12,5
sta.lu;sj;l6;sj6-5;15,05
sta.lu;sj;l6;sj6-5;15,75
sta.lu;sj;l6;sj6-5;15,85
sta.lu;sj;l6;sj6-5;16,25
sta.lu;sj;l6;sj6-5;15,2
sta.lu;sj;l6;sj6-5;14,35
sta.lu;sj;l6;sj6-5;14,85
sta.lu;sj;l6;sj6-5;15,65
sta.lu;sj;l6;sj6-5;14,2
sta.lu;sj;l6;sj6-5;16,15
sta.lu;sj;l6;sj6-5;14,3
sta.lu;sj;l6;sj6-5;14,6
sta.lu;sj;l6;sj6-5;15,75
sta.lu;sj;l6;sj6-5;14,05
sta.lu;sj;l6;sj6-5;15,1
sta.lu;sj;l6;sj6-5;13,5
sta.lu;sj;l6;sj6-4;14,3
sta.lu;sj;l6;sj6-4;15,8
sta.lu;sj;l6;sj6-4;13,2
sta.lu;sj;l6;sj6-4;14,75
sta.lu;sj;l6;sj6-4;16,65
sta.lu;sj;l6;sj6-4;13,9
sta.lu;sj;l6;sj6-4;13,95
sta.lu;sj;l6;sj6-4;14,25
sta.lu;sj;l6;sj6-4;14,35
sta.lu;sj;l6;sj6-4;15,75
sta.lu;sj;l6;sj6-4;13,3
sta.lu;sj;l6;sj6-4;15,95
sta.lu;sj;l6;sj6-4;12,65
sta.lu;sj;l6;sj6-4;14,55
sta.lu;sj;l6;sj6-4;14,95
sta.lu;sj;l6;sj6-4;14,1
sta.lu;sj;l6;sj6-4;13,85
sta.lu;sj;l6;sj6-3;13,9
sta.lu;sj;l6;sj6-3;13,15
sta.lu;sj;l6;sj6-3;16
sta.lu;sj;l6;sj6-3;13,9
sta.lu;sj;l6;sj6-3;12,4
sta.lu;sj;l6;sj6-3;13,15
sta.lu;sj;l6;sj6-3;13,75
sta.lu;sj;l6;sj6-3;15
sta.lu;sj;l6;sj6-3;13,45
sta.lu;sj;l6;sj6-3;13,3
sta.lu;sj;l6;sj6-3;13,8
sta.lu;sj;l6;sj6-3;13,9
sta.lu;sj;l6;sj6-3;13
sta.lu;sj;l6;sj6-3;13
sta.lu;sj;l6;sj6-3;13,3
sta.lu;sj;l6;sj6-3;12
sta.lu;sj;l6;sj6-3;12,9
sta.lu;sj;l6;sj6-3;14,6
sta.lu;sj;l6;sj6-3;13,8
sta.lu;sj;l6;sj6-3;12,55
sta.lu;sj;l6;sj6-3;11,85
sta.lu;sj;l6;sj6-3;11,6
sta.lu;sj;l6;sj6-7;15
sta.lu;sj;l6;sj6-7;15,6
sta.lu;sj;l6;sj6-7;13,4
sta.lu;sj;l6;sj6-7;14,1
sta.lu;sj;l6;sj6-7;13,1
sta.lu;sj;l6;sj6-7;16,3
sta.lu;sj;l6;sj6-7;13,6
sta.lu;sj;l6;sj6-7;16,45
sta.lu;sj;l6;sj6-7;13,35
sta.lu;sj;l6;sj6-7;13,75
sta.lu;sj;l6;sj6-7;12,95
sta.lu;sj;l6;sj6-7;13,9
sta.lu;sj;l6;sj6-7;14,5
sta.lu;sj;l6;sj6-7;13,3
sta.lu;sj;l6;sj6-7;14
sta.lu;sj;l6;sj6-7;15
sta.lu;sj;l6;sj6-7;14,65
sta.lu;sj;l6;sj6-7;14,35
sta.lu;sj;l6;sj6-7;14,15
sta.lu;sj;l6;sj6-7;14,3
sta.lu;sj;l6;sj6-7;13,95
sta.lu;sj;l6;sj6-7;13,9
sta.lu;sj;l6;sj6-7;12,9
sta.lu;sj;l6;sj6-7;13,6
sta.lu;sj;l6;sj6-7;14,9
sta.lu;sj;l6;sj6-7;14,5
sta.lu;sj;l6;sj6-7;12,6
sta.lu;sj;l6;sj6-7;13,65
sta.lu;sj;l6;sj6-6;13,5
sta.lu;sj;l6;sj6-6;13,2
sta.lu;sj;l6;sj6-6;13,75
sta.lu;sj;l6;sj6-6;13,7
sta.lu;sj;l6;sj6-6;15
sta.lu;sj;l6;sj6-6;13,25
sta.lu;sj;l6;sj6-6;15,2
sta.lu;sj;l6;sj6-6;14,95
sta.lu;sj;l6;sj6-6;14,1
sta.lu;sj;l6;sj6-6;14,5
sta.lu;sj;l6;sj6-6;13,6
sta.lu;sj;l6;sj6-6;12,9
sta.lu;sj;l6;sj6-6;13,2
sta.lu;sj;l6;sj6-6;14,4
sta.lu;sj;l6;sj6-6;15
sta.lu;sj;l6;sj6-6;15,75
sta.lu;sj;l6;sj6-6;14,15
sta.lu;sj;l6;sj6-6;14
sta.lu;sj;l6;sj6-6;13,7
sta.lu;sj;l6;sj6-6;13,4
sta.lu;sj;l6;sj6-6;13,45
sta.lu;sj;l6;sj6-6;12,3
sta.lu;sj;l6;sj6-6;14,95
sta.lu;sj;l6;sj6-6;13,85
sta.lu;sj;l6;sj6-6;12,4
sta.lu;sj;l6;sj6-6;12,35
citro;sj;l2;sj2-7;23,35
citro;sj;l2;sj2-7;20,85
citro;sj;l2;sj2-7;19,5
citro;sj;l2;sj2-7;19,5
citro;sj;l2;sj2-7;19,7
citro;sj;l2;sj2-7;20,75
citro;sj;l2;sj2-7;18,65
citro;sj;l2;sj2-7;16,85
citro;sj;l2;sj2-7;18,5
citro;sj;l2;sj2-7;20,1
citro;sj;l2;sj2-7;18,4
citro;sj;l2;sj2-7;16,2
citro;sj;l2;sj2-7;18,2
citro;sj;l2;sj2-7;16,1
citro;sj;l2;sj2-7;20,8
citro;sj;l2;sj2-7;18,9
citro;sj;l2;sj2-7;15,75
citro;sj;l2;sj2-7;16,75
citro;sj;l2;sj2-6;19,7
citro;sj;l2;sj2-6;15,6
citro;sj;l2;sj2-6;17,6
citro;sj;l2;sj2-6;15,65
citro;sj;l2;sj2-6;20,45
citro;sj;l2;sj2-6;17,35
citro;sj;l2;sj2-6;16,25
citro;sj;l2;sj2-6;16,6
citro;sj;l2;sj2-6;16,05
citro;sj;l2;sj2-6;14,85
citro;sj;l2;sj2-6;17,95
citro;sj;l2;sj2-6;18,2
citro;sj;l2;sj2-6;16,25
citro;sj;l2;sj2-6;15,3
citro;sj;l2;sj2-5;22,6
citro;sj;l2;sj2-5;16,9
citro;sj;l2;sj2-5;18,6
citro;sj;l2;sj2-5;21,2
citro;sj;l2;sj2-5;16
citro;sj;l2;sj2-5;17,65
citro;sj;l2;sj2-5;18,5
citro;sj;l2;sj2-5;19,35
citro;sj;l2;sj2-5;19,8
citro;sj;l2;sj2-5;18,6
citro;sj;l2;sj2-5;17,65
citro;sj;l2;sj2-5;19,05
citro;sj;l2;sj2-5;18,1
citro;sj;l2;sj2-4;17,8
citro;sj;l2;sj2-4;18,8
citro;sj;l2;sj2-4;19,8
citro;sj;l2;sj2-4;16,7
citro;sj;l2;sj2-4;16,85
citro;sj;l2;sj2-4;16
citro;sj;l2;sj2-4;15,7
citro;sj;l2;sj2-4;15,65
citro;sj;l2;sj2-4;16
citro;sj;l2;sj2-4;15,45
citro;sj;l2;sj2-4;15,3
citro;sj;l2;sj2-4;15,55
citro;sj;l2;sj2-4;16,45
citro;sj;l2;sj2-4;16,25
citro;sj;l2;sj2-3;17,9
citro;sj;l2;sj2-3;19,2
citro;sj;l2;sj2-3;18
citro;sj;l2;sj2-3;18,85
citro;sj;l2;sj2-3;15,55
citro;sj;l2;sj2-3;15,75
citro;sj;l2;sj2-3;19
citro;sj;l2;sj2-3;19,7
citro;sj;l2;sj2-3;18,7
citro;sj;l2;sj2-3;16,3
citro;sj;l2;sj2-3;16,6
citro;sj;l2;sj2-3;16,65
citro;sj;l2;sj2-3;16,75
citro;sj;l2;sj2-2;19,7
citro;sj;l2;sj2-2;16,85
citro;sj;l2;sj2-2;19,35
citro;sj;l2;sj2-2;17,6
citro;sj;l2;sj2-2;16,6
citro;sj;l2;sj2-2;19,35
citro;sj;l2;sj2-2;16,2
citro;sj;l2;sj2-2;17,5
citro;sj;l2;sj2-2;18,3
citro;sj;l2;sj2-2;15,2
citro;sj;l2;sj2-1;15,2
citro;sj;l2;sj2-1;16,1
citro;sj;l2;sj2-1;19,65
citro;sj;l2;sj2-1;20,05
citro;sj;l2;sj2-1;15,6
citro;sj;l2;sj2-1;16,65
citro;sj;l2;sj2-1;17,05
citro;sj;l2;sj2-1;14,8
citro;sj;l2;sj2-1;14,3
citro;sj;l2;sj2-1;14,5
citro;sj;l2;sj2-1;15,4
citro;sj;l2;sj2-1;16,5
citro;sj;l2;sj2-1;16,25
citro;sj;l2;sj2-1;13,6
tda;sj;l3;sj3-4;15,15
tda;sj;l3;sj3-4;14,7
tda;sj;l3;sj3-4;15,45
tda;sj;l3;sj3-4;14,55
tda;sj;l3;sj3-4;13,1
tda;sj;l3;sj3-4;14,6
tda;sj;l3;sj3-4;13,6
tda;sj;l3;sj3-4;13,45
tda;sj;l3;sj3-4;11,6
tda;sj;l3;sj3-4;16,5
tda;sj;l3;sj3-4;14,2
tda;sj;l3;sj3-4;15,6
tda;sj;l3;sj3-4;14,55
tda;sj;l3;sj3-4;13,6
tda;sj;l3;sj3-4;14,8
tda;sj;l3;sj3-4;14,3
tda;sj;l3;sj3-4;14
tda;sj;l3;sj3-4;14,7
tda;sj;l3;sj3-7;16,75
tda;sj;l3;sj3-7;17,1
tda;sj;l3;sj3-7;16,5
tda;sj;l3;sj3-7;16,75
tda;sj;l3;sj3-7;16,65
tda;sj;l3;sj3-7;15,6
tda;sj;l3;sj3-7;15,8
tda;sj;l3;sj3-7;16,5
tda;sj;l3;sj3-7;16,3
tda;sj;l3;sj3-7;17,35
tda;sj;l3;sj3-7;15,45
tda;sj;l3;sj3-7;17,5
tda;sj;l3;sj3-7;15,8
tda;sj;l3;sj3-7;17,05
tda;sj;l3;sj3-7;15,3
tda;sj;l3;sj3-6;14,1
tda;sj;l3;sj3-6;14,45
tda;sj;l3;sj3-6;15
tda;sj;l3;sj3-6;16,45
tda;sj;l3;sj3-6;15,35
tda;sj;l3;sj3-6;14,5
tda;sj;l3;sj3-6;16,5
tda;sj;l3;sj3-6;15,1
tda;sj;l3;sj3-6;14,3
tda;sj;l3;sj3-6;16,1
tda;sj;l3;sj3-6;15,05
tda;sj;l3;sj3-6;15,45
tda;sj;l3;sj3-6;12,95
tda;sj;l3;sj3-6;15,9
tda;sj;l3;sj3-6;14,2
tda;sj;l3;sj3-3;14,7
tda;sj;l3;sj3-3;15,2
tda;sj;l3;sj3-3;16,1
tda;sj;l3;sj3-3;17,35
tda;sj;l3;sj3-3;15,8
tda;sj;l3;sj3-3;15,45
tda;sj;l3;sj3-3;16,45
tda;sj;l3;sj3-3;16,85
tda;sj;l3;sj3-3;14,3
tda;sj;l3;sj3-3;16,1
tda;sj;l3;sj3-3;13,3
tda;sj;l3;sj3-3;15,9
tda;sj;l3;sj3-3;16,95
tda;sj;l3;sj3-3;16
tda;sj;l3;sj3-3;16,7
tda;sj;l3;sj3-3;14,7
tda;sj;l3;sj3-2;15,4
tda;sj;l3;sj3-2;15,45
tda;sj;l3;sj3-2;15,8
tda;sj;l3;sj3-2;14,8
tda;sj;l3;sj3-2;15,6
tda;sj;l3;sj3-2;16,5
tda;sj;l3;sj3-2;15,75
tda;sj;l3;sj3-2;15,7
tda;sj;l3;sj3-2;15,9
tda;sj;l3;sj3-2;18,25
tda;sj;l3;sj3-2;15
tda;sj;l3;sj3-2;14,75
tda;sj;l3;sj3-2;15,7
tda;sj;l3;sj3-2;15,4
tda;sj;l3;sj3-2;13,9
tda;sj;l3;sj3-2;14,2
tda;sj;l3;sj3-1;15,45
tda;sj;l3;sj3-1;17,05
tda;sj;l3;sj3-1;14,45
tda;sj;l3;sj3-1;15,2
tda;sj;l3;sj3-1;14,55
tda;sj;l3;sj3-1;14,6
tda;sj;l3;sj3-1;14,2
tda;sj;l3;sj3-1;13,1
tda;sj;l3;sj3-1;13,4
tda;sj;l3;sj3-1;15,2
tda;sj;l3;sj3-1;16,6
tda;sj;l3;sj3-1;13,95
tda;sj;l3;sj3-1;15,05
tda;sj;l3;sj3-1;14,65
tda;sj;l3;sj3-5;15,2
tda;sj;l3;sj3-5;16,4
tda;sj;l3;sj3-5;15,8
tda;sj;l3;sj3-5;16,15
tda;sj;l3;sj3-5;19,9
tda;sj;l3;sj3-5;16,1
tda;sj;l3;sj3-5;17,2
tda;sj;l3;sj3-5;15,45
tda;sj;l3;sj3-5;15
tda;sj;l3;sj3-5;18,4
tda;sj;l3;sj3-5;15
tda;sj;l3;sj3-5;18,3
tda;sj;l3;sj3-5;15,65
tda;sj;l3;sj3-5;16,1
tda;sj;l3;sj3-5;17,2
tda;sj;l3;sj3-5;15,2
tda;sj;l3;sj3-5;15,4
tda;sj;l2;sj2-7;18,65
tda;sj;l2;sj2-7;15,7
tda;sj;l2;sj2-7;16,65
tda;sj;l2;sj2-7;20,2
tda;sj;l2;sj2-7;18,4
tda;sj;l2;sj2-7;19,5
tda;sj;l2;sj2-7;18,2
tda;sj;l2;sj2-7;14,5
tda;sj;l2;sj2-7;17,15
tda;sj;l2;sj2-7;14,75
tda;sj;l2;sj2-7;15,85
tda;sj;l2;sj2-7;16,15
tda;sj;l2;sj2-7;17,05
tda;sj;l2;sj2-7;15,9
tda;sj;l2;sj2-7;15,5
tda;sj;l2;sj2-7;16,55
tda;sj;l2;sj2-7;16,1
tda;sj;l2;sj2-7;15,25
tda;sj;l2;sj2-7;16
tda;sj;l2;sj2-6;17,8
tda;sj;l2;sj2-6;21,1
tda;sj;l2;sj2-6;17,15
tda;sj;l2;sj2-6;16,45
tda;sj;l2;sj2-6;21,45
tda;sj;l2;sj2-6;17
tda;sj;l2;sj2-6;18,95
tda;sj;l2;sj2-6;15,3
tda;sj;l2;sj2-6;16,7
tda;sj;l2;sj2-6;16,8
tda;sj;l2;sj2-6;17,65
tda;sj;l2;sj2-6;14,6
tda;sj;l2;sj2-6;17,9
tda;sj;l2;sj2-6;17,9
tda;sj;l2;sj2-6;16,3
tda;sj;l2;sj2-6;17,6
tda;sj;l2;sj2-6;17,45
tda;sj;l2;sj2-6;15,65
tda;sj;l2;sj2-5;16,95
tda;sj;l2;sj2-5;14,8
tda;sj;l2;sj2-5;15,7
tda;sj;l2;sj2-5;17,6
tda;sj;l2;sj2-5;14,95
tda;sj;l2;sj2-5;15,55
tda;sj;l2;sj2-5;15,75
tda;sj;l2;sj2-5;16,15
tda;sj;l2;sj2-5;16,2
tda;sj;l2;sj2-5;17,15
tda;sj;l2;sj2-5;17,25
tda;sj;l2;sj2-5;17
tda;sj;l2;sj2-5;16,4
tda;sj;l2;sj2-5;16,05
tda;sj;l2;sj2-5;15,5
tda;sj;l2;sj2-5;16,1
tda;sj;l2;sj2-5;15,8
tda;sj;l2;sj2-5;16,2
tda;sj;l2;sj2-5;16,15
tda;sj;l2;sj2-5;15,45
tda;sj;l2;sj2-5;15
tda;sj;l2;sj2-5;14,35
tda;sj;l2;sj2-3;17,65
tda;sj;l2;sj2-3;16,2
tda;sj;l2;sj2-3;15,05
tda;sj;l2;sj2-3;17,1
tda;sj;l2;sj2-3;14,4
tda;sj;l2;sj2-3;17,35
tda;sj;l2;sj2-3;16,4
tda;sj;l2;sj2-3;14,9
tda;sj;l2;sj2-3;16,5
tda;sj;l2;sj2-3;18,4
tda;sj;l2;sj2-3;19,65
tda;sj;l2;sj2-3;15,45
tda;sj;l2;sj2-3;15,15
tda;sj;l2;sj2-3;15,15
tda;sj;l2;sj2-3;15,5
tda;sj;l2;sj2-3;17,85
tda;sj;l2;sj2-3;16,7
tda;sj;l2;sj2-3;15,25
tda;sj;l2;sj2-3;16,6
tda;sj;l2;sj2-3;15,85
tda;sj;l2;sj2-3;18
tda;sj;l2;sj2-3;17,6
tda;sj;l2;sj2-3;15,8
tda;sj;l2;sj2-4;17,15
tda;sj;l2;sj2-4;16,5
tda;sj;l2;sj2-4;16,1
tda;sj;l2;sj2-4;15,2
tda;sj;l2;sj2-4;15,9
tda;sj;l2;sj2-4;16,25
tda;sj;l2;sj2-4;14,4
tda;sj;l2;sj2-4;16,95
tda;sj;l2;sj2-4;16,7
tda;sj;l2;sj2-4;16,1
tda;sj;l2;sj2-4;15,45
tda;sj;l2;sj2-4;18,7
tda;sj;l2;sj2-4;17,35
tda;sj;l2;sj2-4;15,15
tda;sj;l2;sj2-4;16,55
tda;sj;l2;sj2-4;16,25
tda;sj;l2;sj2-4;15,95
tda;sj;l2;sj2-4;15,2
tda;sj;l2;sj2-4;15,55
tda;sj;l2;sj2-4;15,4
tda;sj;l2;sj2-2;15,6
tda;sj;l2;sj2-2;17,4
tda;sj;l2;sj2-2;17,15
tda;sj;l2;sj2-2;15,7
tda;sj;l2;sj2-2;16,1
tda;sj;l2;sj2-2;15,4
tda;sj;l2;sj2-2;18,4
tda;sj;l2;sj2-2;16,75
tda;sj;l2;sj2-2;15,7
tda;sj;l2;sj2-2;15,6
tda;sj;l2;sj2-2;16,8
tda;sj;l2;sj2-2;16,35
tda;sj;l2;sj2-2;15,6
tda;sj;l2;sj2-2;14,1
tda;sj;l2;sj2-2;15,7
tda;sj;l2;sj2-2;15,6
tda;sj;l2;sj2-2;15,45
tda;sj;l2;sj2-2;14,35
tda;sj;l2;sj2-2;14,1
tda;sj;l2;sj2-2;14,75
tda;sj;l2;sj2-1;14,9
tda;sj;l2;sj2-1;16,4
tda;sj;l2;sj2-1;14,35
tda;sj;l2;sj2-1;17,65
tda;sj;l2;sj2-1;16,55
tda;sj;l2;sj2-1;16,55
tda;sj;l2;sj2-1;14,6
tda;sj;l2;sj2-1;16,4
tda;sj;l2;sj2-1;17,45
tda;sj;l2;sj2-1;15,65
tda;sj;l2;sj2-1;17,55
tda;sj;l2;sj2-1;15,5
tda;sj;l2;sj2-1;16,45
tda;sj;l2;sj2-1;15,5
tda;sj;l2;sj2-1;17,8
tda;sj;l2;sj2-1;16,5
tda;sj;l2;sj2-1;14,75
sta.lu;sj;l4;sj4-2;12,2
sta.lu;sj;l4;sj4-2;12,1
sta.lu;sj;l4;sj4-2;12,2
sta.lu;sj;l4;sj4-2;12,55
sta.lu;sj;l4;sj4-2;13,15
sta.lu;sj;l4;sj4-2;12,4
sta.lu;sj;l4;sj4-2;11,8
sta.lu;sj;l4;sj4-2;12,75
sta.lu;sj;l4;sj4-2;11,95
sta.lu;sj;l4;sj4-2;10,1
sta.lu;sj;l4;sj4-1;13,3
sta.lu;sj;l4;sj4-1;12,8
sta.lu;sj;l4;sj4-1;12,6
sta.lu;sj;l4;sj4-1;12,15
sta.lu;sj;l4;sj4-1;12,6
sta.lu;sj;l4;sj4-1;12,4
sta.lu;sj;l4;sj4-1;12
sta.lu;sj;l4;sj4-1;13,15
sta.lu;sj;l4;sj4-1;12,5
sta.lu;sj;l4;sj4-1;10,95
sta.lu;sj;l4;sj4-4;16
sta.lu;sj;l4;sj4-4;17,2
sta.lu;sj;l4;sj4-4;17
sta.lu;sj;l4;sj4-4;18,1
sta.lu;sj;l4;sj4-4;13,8
sta.lu;sj;l4;sj4-4;16,4
sta.lu;sj;l4;sj4-4;14,35
sta.lu;sj;l4;sj4-4;17,35
sta.lu;sj;l4;sj4-4;16,35
sta.lu;sj;l4;sj4-4;15,9
sta.lu;sj;l4;sj4-4;15,15
sta.lu;sj;l4;sj4-3;15,2
sta.lu;sj;l4;sj4-3;15,8
sta.lu;sj;l4;sj4-3;15,25
sta.lu;sj;l4;sj4-3;16,3
sta.lu;sj;l4;sj4-3;15,5
sta.lu;sj;l4;sj4-3;15,4
sta.lu;sj;l4;sj4-3;15,4
sta.lu;sj;l4;sj4-3;15,8
sta.lu;sj;l4;sj4-3;14,5
sta.lu;sj;l4;sj4-3;15,6
sta.lu;sj;l4;sj4-3;15,25
sta.lu;sj;l4;sj4-7;17,7
sta.lu;sj;l4;sj4-7;15,5
sta.lu;sj;l4;sj4-7;16,8
sta.lu;sj;l4;sj4-7;15,5
sta.lu;sj;l4;sj4-7;15,8
sta.lu;sj;l4;sj4-7;16,85
sta.lu;sj;l4;sj4-7;17,25
sta.lu;sj;l4;sj4-7;14,5
sta.lu;sj;l4;sj4-7;14,8
sta.lu;sj;l4;sj4-7;13,3
sta.lu;sj;l4;sj4-6;16,5
sta.lu;sj;l4;sj4-6;16,2
sta.lu;sj;l4;sj4-6;15,3
sta.lu;sj;l4;sj4-6;15,95
sta.lu;sj;l4;sj4-6;16,05
sta.lu;sj;l4;sj4-6;15,7
sta.lu;sj;l4;sj4-6;16,1
sta.lu;sj;l4;sj4-6;16,5
sta.lu;sj;l4;sj4-6;16,5
sta.lu;sj;l4;sj4-6;14,4
sta.lu;sj;l4;sj4-5;17,05
sta.lu;sj;l4;sj4-5;15,7
sta.lu;sj;l4;sj4-5;15,5
sta.lu;sj;l4;sj4-5;17,35
sta.lu;sj;l4;sj4-5;15,2
sta.lu;sj;l4;sj4-5;16,3
sta.lu;sj;l4;sj4-5;16,7
sta.lu;sj;l4;sj4-5;16
sta.lu;sj;l4;sj4-5;16,05
sta.lu;sj;l4;sj4-5;15,15
tdb;sj;l1;sj1-6;18,05
tdb;sj;l1;sj1-6;14,85
tdb;sj;l1;sj1-6;15,1
tdb;sj;l1;sj1-6;16,1
tdb;sj;l1;sj1-6;17,15
tdb;sj;l1;sj1-6;16,75
tdb;sj;l1;sj1-6;17,7
tdb;sj;l1;sj1-6;16,65
tdb;sj;l1;sj1-6;18,1
tdb;sj;l1;sj1-6;16,2
tdb;sj;l1;sj1-6;15,75
tdb;sj;l1;sj1-6;16,35
tdb;sj;l1;sj1-7;18,8
tdb;sj;l1;sj1-7;15,95
tdb;sj;l1;sj1-7;15,75
tdb;sj;l1;sj1-7;17,65
tdb;sj;l1;sj1-7;15,8
tdb;sj;l1;sj1-7;16,65
tdb;sj;l1;sj1-7;18,75
tdb;sj;l1;sj1-7;14,65
tdb;sj;l1;sj1-7;15,25
tdb;sj;l1;sj1-7;16,3
tdb;sj;l1;sj1-7;15,75
tdb;sj;l1;sj1-5;15,1
tdb;sj;l1;sj1-5;15,5
tdb;sj;l1;sj1-5;17,55
tdb;sj;l1;sj1-5;16,5
tdb;sj;l1;sj1-5;16,2
tdb;sj;l1;sj1-5;16,4
tdb;sj;l1;sj1-5;16,1
tdb;sj;l1;sj1-5;16,2
tdb;sj;l1;sj1-5;15,55
tdb;sj;l1;sj1-5;16,3
tdb;sj;l1;sj1-5;14,15
tdb;sj;l1;sj1-5;14,9
tdb;sj;l1;sj1-4;17,1
tdb;sj;l1;sj1-4;15,4
tdb;sj;l1;sj1-4;14,65
tdb;sj;l1;sj1-4;15,4
tdb;sj;l1;sj1-4;14,95
tdb;sj;l1;sj1-4;15,5
tdb;sj;l1;sj1-4;15,15
tdb;sj;l1;sj1-4;16,15
tdb;sj;l1;sj1-4;15,35
tdb;sj;l1;sj1-4;16,6
tdb;sj;l1;sj1-4;15
tdb;sj;l1;sj1-4;15,65
tdb;sj;l1;sj1-4;15,9
tdb;sj;l1;sj1-3;14,6
tdb;sj;l1;sj1-3;16,9
tdb;sj;l1;sj1-3;15
tdb;sj;l1;sj1-3;15
tdb;sj;l1;sj1-3;16,8
tdb;sj;l1;sj1-3;14,6
tdb;sj;l1;sj1-3;14,55
tdb;sj;l1;sj1-3;14,75
tdb;sj;l1;sj1-3;14,3
tdb;sj;l1;sj1-3;14,4
tdb;sj;l1;sj1-3;14,2
tdb;sj;l1;sj1-2;15,4
tdb;sj;l1;sj1-2;17,7
tdb;sj;l1;sj1-2;15,25
tdb;sj;l1;sj1-2;15,5
tdb;sj;l1;sj1-2;15,1
tdb;sj;l1;sj1-2;17,45
tdb;sj;l1;sj1-2;15,8
tdb;sj;l1;sj1-2;15,8
tdb;sj;l1;sj1-2;15,1
tdb;sj;l1;sj1-2;14,95
tdb;sj;l1;sj1-2;14,7
tdb;sj;l1;sj1-1;16,2
tdb;sj;l1;sj1-1;16,2
tdb;sj;l1;sj1-1;16
tdb;sj;l1;sj1-1;16,8
tdb;sj;l1;sj1-1;15,2
tdb;sj;l1;sj1-1;16,2
tdb;sj;l1;sj1-1;15,9
tdb;sj;l1;sj1-1;16,5
tdb;sj;l1;sj1-1;15,85
tdb;sj;l1;sj1-1;16,55
tdb;sj;l1;sj1-1;15,25
tda;sj;l4;sj4-1;17,1
tda;sj;l4;sj4-1;17,8
tda;sj;l4;sj4-1;14,65
tda;sj;l4;sj4-1;15,9
tda;sj;l4;sj4-1;13,55
tda;sj;l4;sj4-1;17,3
tda;sj;l4;sj4-1;17,75
tda;sj;l4;sj4-1;17,9
tda;sj;l4;sj4-1;13,8
tda;sj;l4;sj4-1;16,4
tda;sj;l4;sj4-1;19,35
tda;sj;l4;sj4-1;19,1
tda;sj;l4;sj4-1;17,8
tda;sj;l4;sj4-1;17,4
tda;sj;l4;sj4-1;13,45
tda;sj;l4;sj4-2;16,9
tda;sj;l4;sj4-2;17,55
tda;sj;l4;sj4-2;17,95
tda;sj;l4;sj4-2;19,15
tda;sj;l4;sj4-2;17,9
tda;sj;l4;sj4-2;16,5
tda;sj;l4;sj4-2;17,2
tda;sj;l4;sj4-2;16,2
tda;sj;l4;sj4-2;17,9
tda;sj;l4;sj4-2;17,5
tda;sj;l4;sj4-2;17,3
tda;sj;l4;sj4-2;16,95
tda;sj;l4;sj4-2;15,4
tda;sj;l4;sj4-2;14,7
tda;sj;l4;sj4-3;15,95
tda;sj;l4;sj4-3;17,55
tda;sj;l4;sj4-3;17,7
tda;sj;l4;sj4-3;14,55
tda;sj;l4;sj4-3;15,65
tda;sj;l4;sj4-3;17,3
tda;sj;l4;sj4-3;17,6
tda;sj;l4;sj4-3;16,9
tda;sj;l4;sj4-3;17,4
tda;sj;l4;sj4-3;16,65
tda;sj;l4;sj4-3;15,9
tda;sj;l4;sj4-3;16,2
tda;sj;l4;sj4-3;17,2
tda;sj;l4;sj4-3;17,75
tda;sj;l4;sj4-5;15,6
tda;sj;l4;sj4-5;15,5
tda;sj;l4;sj4-5;17,4
tda;sj;l4;sj4-5;14,4
tda;sj;l4;sj4-5;18,6
tda;sj;l4;sj4-5;16,3
tda;sj;l4;sj4-5;17,6
tda;sj;l4;sj4-5;15,8
tda;sj;l4;sj4-5;16,6
tda;sj;l4;sj4-5;16
tda;sj;l4;sj4-5;17
tda;sj;l4;sj4-5;15,55
tda;sj;l4;sj4-5;18,8
tda;sj;l4;sj4-5;13,8
tda;sj;l4;sj4-5;16,35
tda;sj;l4;sj4-5;16,4
tda;sj;l4;sj4-4;15,65
tda;sj;l4;sj4-4;16,4
tda;sj;l4;sj4-4;14,25
tda;sj;l4;sj4-4;15,55
tda;sj;l4;sj4-4;13,8
tda;sj;l4;sj4-4;15,65
tda;sj;l4;sj4-4;14,4
tda;sj;l4;sj4-4;15,55
tda;sj;l4;sj4-4;14,15
tda;sj;l4;sj4-4;14,55
tda;sj;l4;sj4-4;15,25
tda;sj;l4;sj4-4;19
tda;sj;l4;sj4-4;13,7
tda;sj;l4;sj4-4;14,6
tda;sj;l4;sj4-4;17,2
tda;sj;l4;sj4-7;17,5
tda;sj;l4;sj4-7;14,95
tda;sj;l4;sj4-7;15,25
tda;sj;l4;sj4-7;14,75
tda;sj;l4;sj4-7;16,25
tda;sj;l4;sj4-7;17,9
tda;sj;l4;sj4-7;15,2
tda;sj;l4;sj4-7;15
tda;sj;l4;sj4-7;16,8
tda;sj;l4;sj4-7;15
tda;sj;l4;sj4-7;14,9
tda;sj;l4;sj4-7;16,5
tda;sj;l4;sj4-7;15,05
tda;sj;l4;sj4-6;17,25
tda;sj;l4;sj4-6;17,15
tda;sj;l4;sj4-6;16,25
tda;sj;l4;sj4-6;17,75
tda;sj;l4;sj4-6;15,7
tda;sj;l4;sj4-6;15,2
tda;sj;l4;sj4-6;14,6
tda;sj;l4;sj4-6;14,8
tda;sj;l4;sj4-6;16,25
tda;sj;l4;sj4-6;15,85
tda;sj;l4;sj4-6;15,15
tda;sj;l4;sj4-6;14,8
tdb;sj;l2;sj2-7;18
tdb;sj;l2;sj2-7;17,2
tdb;sj;l2;sj2-7;17,6
tdb;sj;l2;sj2-7;16,95
tdb;sj;l2;sj2-7;17,7
tdb;sj;l2;sj2-7;18,4
tdb;sj;l2;sj2-7;17,9
tdb;sj;l2;sj2-7;18,1
tdb;sj;l2;sj2-7;17,7
tdb;sj;l2;sj2-7;17,3
tdb;sj;l2;sj2-7;16,1
tdb;sj;l2;sj2-7;16,45
tdb;sj;l2;sj2-7;14,3
tdb;sj;l2;sj2-7;16,7
tdb;sj;l2;sj2-7;13,3
tdb;sj;l2;sj2-7;16,2
tdb;sj;l2;sj2-6;16,15
tdb;sj;l2;sj2-6;16,8
tdb;sj;l2;sj2-6;17,45
tdb;sj;l2;sj2-6;16,95
tdb;sj;l2;sj2-6;17,4
tdb;sj;l2;sj2-6;17,1
tdb;sj;l2;sj2-6;16,5
tdb;sj;l2;sj2-6;16,45
tdb;sj;l2;sj2-6;15,4
tdb;sj;l2;sj2-6;15,8
tdb;sj;l2;sj2-6;17,05
tdb;sj;l2;sj2-6;15,7
tdb;sj;l2;sj2-2;18,35
tdb;sj;l2;sj2-2;16,1
tdb;sj;l2;sj2-2;18
tdb;sj;l2;sj2-2;18,85
tdb;sj;l2;sj2-2;18,4
tdb;sj;l2;sj2-2;14
tdb;sj;l2;sj2-2;19,35
tdb;sj;l2;sj2-2;18,2
tdb;sj;l2;sj2-2;17,9
tdb;sj;l2;sj2-2;18,4
tdb;sj;l2;sj2-2;19,5
tdb;sj;l2;sj2-2;18,2
tdb;sj;l2;sj2-1;18,55
tdb;sj;l2;sj2-1;15,95
tdb;sj;l2;sj2-1;15,65
tdb;sj;l2;sj2-1;16,6
tdb;sj;l2;sj2-1;15,8
tdb;sj;l2;sj2-1;16
tdb;sj;l2;sj2-1;17,9
tdb;sj;l2;sj2-1;18,65
tdb;sj;l2;sj2-1;17,8
tdb;sj;l2;sj2-1;16,9
tdb;sj;l2;sj2-1;16,5
tdb;sj;l2;sj2-1;18,2
tdb;sj;l2;sj2-5;20,15
tdb;sj;l2;sj2-5;15,45
tdb;sj;l2;sj2-5;16,8
tdb;sj;l2;sj2-5;16,1
tdb;sj;l2;sj2-5;16,55
tdb;sj;l2;sj2-5;15,9
tdb;sj;l2;sj2-5;16,85
tdb;sj;l2;sj2-5;15,95
tdb;sj;l2;sj2-5;15,75
tdb;sj;l2;sj2-5;16,35
tdb;sj;l2;sj2-5;16,8
tdb;sj;l2;sj2-5;16,75
tdb;sj;l2;sj2-4;17,5
tdb;sj;l2;sj2-4;16,55
tdb;sj;l2;sj2-4;19,2
tdb;sj;l2;sj2-4;17,7
tdb;sj;l2;sj2-4;14,9
tdb;sj;l2;sj2-4;17,95
tdb;sj;l2;sj2-4;16,45
tdb;sj;l2;sj2-4;16,4
tdb;sj;l2;sj2-4;18,8
tdb;sj;l2;sj2-4;15,3
tdb;sj;l2;sj2-4;18,15
tdb;sj;l2;sj2-3;16,45
tdb;sj;l2;sj2-3;15,25
tdb;sj;l2;sj2-3;18,1
tdb;sj;l2;sj2-3;22,1
tdb;sj;l2;sj2-3;16,45
tdb;sj;l2;sj2-3;18,4
tdb;sj;l2;sj2-3;17,6
tdb;sj;l2;sj2-3;18
tdb;sj;l2;sj2-3;15,3
tdb;sj;l2;sj2-3;18,4
tda;sj;l5;sj5-4;19,85
tda;sj;l5;sj5-4;19,1
tda;sj;l5;sj5-4;18,35
tda;sj;l5;sj5-4;17,15
tda;sj;l5;sj5-4;19
tda;sj;l5;sj5-4;18,5
tda;sj;l5;sj5-4;16,65
tda;sj;l5;sj5-4;18,25
tda;sj;l5;sj5-4;17,2
tda;sj;l5;sj5-4;17,7
tda;sj;l5;sj5-4;18,15
tda;sj;l5;sj5-4;19,3
tda;sj;l5;sj5-4;19,2
tda;sj;l5;sj5-6;15,35
tda;sj;l5;sj5-6;15,6
tda;sj;l5;sj5-6;17
tda;sj;l5;sj5-6;15,8
tda;sj;l5;sj5-6;16,45
tda;sj;l5;sj5-6;19,6
tda;sj;l5;sj5-6;16,95
tda;sj;l5;sj5-6;15,35
tda;sj;l5;sj5-6;18,2
tda;sj;l5;sj5-6;16,15
tda;sj;l5;sj5-6;18,9
tda;sj;l5;sj5-6;16,5
tda;sj;l5;sj5-6;18,35
tda;sj;l5;sj5-6;20,2
tda;sj;l5;sj5-7;17,7
tda;sj;l5;sj5-7;18,55
tda;sj;l5;sj5-7;15,8
tda;sj;l5;sj5-7;17,95
tda;sj;l5;sj5-7;17,45
tda;sj;l5;sj5-7;17,1
tda;sj;l5;sj5-7;16,2
tda;sj;l5;sj5-7;20,95
tda;sj;l5;sj5-7;14
tda;sj;l5;sj5-7;18
tda;sj;l5;sj5-7;16,6
tda;sj;l5;sj5-7;17,15
tda;sj;l5;sj5-7;14,7
tda;sj;l5;sj5-7;15,15
tda;sj;l5;sj5-5;17,7
tda;sj;l5;sj5-5;14,35
tda;sj;l5;sj5-5;15,4
tda;sj;l5;sj5-5;16,9
tda;sj;l5;sj5-5;16,3
tda;sj;l5;sj5-5;15,6
tda;sj;l5;sj5-5;17,2
tda;sj;l5;sj5-5;14,5
tda;sj;l5;sj5-5;16,5
tda;sj;l5;sj5-5;15,2
tda;sj;l5;sj5-5;14,65
tda;sj;l5;sj5-5;15,65
tda;sj;l5;sj5-3;17,05
tda;sj;l5;sj5-3;15,45
tda;sj;l5;sj5-3;15,5
tda;sj;l5;sj5-3;17,1
tda;sj;l5;sj5-3;16,15
tda;sj;l5;sj5-3;17,6
tda;sj;l5;sj5-3;14,4
tda;sj;l5;sj5-3;15,05
tda;sj;l5;sj5-3;16,5
tda;sj;l5;sj5-3;15,5
tda;sj;l5;sj5-3;16,75
tda;sj;l5;sj5-2;19,35
tda;sj;l5;sj5-2;18,5
tda;sj;l5;sj5-2;20,3
tda;sj;l5;sj5-2;14,1
tda;sj;l5;sj5-2;17
tda;sj;l5;sj5-2;16,65
tda;sj;l5;sj5-2;16,6
tda;sj;l5;sj5-2;16,5
tda;sj;l5;sj5-2;17,45
tda;sj;l5;sj5-2;16,9
tda;sj;l5;sj5-2;20,6
tda;sj;l5;sj5-2;16,7
tda;sj;l5;sj5-1;19,25
tda;sj;l5;sj5-1;17,8
tda;sj;l5;sj5-1;16,5
tda;sj;l5;sj5-1;18,95
tda;sj;l5;sj5-1;16,9
tda;sj;l5;sj5-1;15,3
tda;sj;l5;sj5-1;17,2
tda;sj;l5;sj5-1;17,8
tda;sj;l5;sj5-1;15,7
tda;sj;l5;sj5-1;16,95
tda;sj;l5;sj5-1;18,1
citro;sj;l3;sj3-5;22,85
citro;sj;l3;sj3-5;18,55
citro;sj;l3;sj3-5;17,6
citro;sj;l3;sj3-5;22,2
citro;sj;l3;sj3-5;17,1
citro;sj;l3;sj3-5;19,05
citro;sj;l3;sj3-5;19,6
citro;sj;l3;sj3-5;19,9
citro;sj;l3;sj3-5;17,95
citro;sj;l3;sj3-5;17,8
citro;sj;l3;sj3-5;17,95
citro;sj;l3;sj3-5;16,9
citro;sj;l3;sj3-6;21,6
citro;sj;l3;sj3-6;15,9
citro;sj;l3;sj3-6;18,65
citro;sj;l3;sj3-6;19,2
citro;sj;l3;sj3-6;14,2
citro;sj;l3;sj3-6;16,4
citro;sj;l3;sj3-6;17,95
citro;sj;l3;sj3-6;17,8
citro;sj;l3;sj3-6;17,4
citro;sj;l3;sj3-6;18,7
citro;sj;l3;sj3-6;18,7
citro;sj;l3;sj3-6;15,75
citro;sj;l3;sj3-6;18,6
citro;sj;l3;sj3-7;17,9
citro;sj;l3;sj3-7;18,05
citro;sj;l3;sj3-7;19,6
citro;sj;l3;sj3-7;17,55
citro;sj;l3;sj3-7;18,3
citro;sj;l3;sj3-7;18,25
citro;sj;l3;sj3-7;19,6
citro;sj;l3;sj3-7;18,2
citro;sj;l3;sj3-7;17,5
citro;sj;l3;sj3-7;15
citro;sj;l3;sj3-7;17,8
citro;sj;l3;sj3-4;18,3
citro;sj;l3;sj3-4;19,7
citro;sj;l3;sj3-4;18,85
citro;sj;l3;sj3-4;16,5
citro;sj;l3;sj3-4;17
citro;sj;l3;sj3-4;18,95
citro;sj;l3;sj3-4;17,1
citro;sj;l3;sj3-4;17
citro;sj;l3;sj3-4;16,8
citro;sj;l3;sj3-4;15,7
citro;sj;l3;sj3-4;17,55
citro;sj;l3;sj3-4;19,55
citro;sj;l3;sj3-3;19,4
citro;sj;l3;sj3-3;14,8
citro;sj;l3;sj3-3;17,75
citro;sj;l3;sj3-3;19,55
citro;sj;l3;sj3-3;16,2
citro;sj;l3;sj3-3;17,85
citro;sj;l3;sj3-3;17,45
citro;sj;l3;sj3-3;18,4
citro;sj;l3;sj3-3;14,7
citro;sj;l3;sj3-3;20,7
citro;sj;l3;sj3-3;14,4
citro;sj;l3;sj3-3;16,8
citro;sj;l3;sj3-2;18,6
citro;sj;l3;sj3-2;17
citro;sj;l3;sj3-2;21,8
citro;sj;l3;sj3-2;15,6
citro;sj;l3;sj3-2;19,3
citro;sj;l3;sj3-2;16,5
citro;sj;l3;sj3-2;20,5
citro;sj;l3;sj3-2;18,85
citro;sj;l3;sj3-2;18
citro;sj;l3;sj3-2;18,6
citro;sj;l3;sj3-2;20,75
citro;sj;l3;sj3-2;17,55
citro;sj;l3;sj3-1;18,85
citro;sj;l3;sj3-1;17,1
citro;sj;l3;sj3-1;18,7
citro;sj;l3;sj3-1;15,5
citro;sj;l3;sj3-1;16,45
citro;sj;l3;sj3-1;14,8
citro;sj;l3;sj3-1;17,75
citro;sj;l3;sj3-1;15,25
citro;sj;l3;sj3-1;15,95
citro;sj;l3;sj3-1;17,9
citro;sj;l3;sj3-1;17
citro;sj;l3;sj3-1;16,4
sta.lu;sj;l2;sj2-1;13,3
sta.lu;sj;l2;sj2-1;18,65
sta.lu;sj;l2;sj2-1;16,5
sta.lu;sj;l2;sj2-1;18
sta.lu;sj;l2;sj2-1;16,8
sta.lu;sj;l2;sj2-1;17,3
sta.lu;sj;l2;sj2-1;16,45
sta.lu;sj;l2;sj2-1;17,1
sta.lu;sj;l2;sj2-1;16,8
sta.lu;sj;l2;sj2-1;14,6
sta.lu;sj;l2;sj2-4;19,3
sta.lu;sj;l2;sj2-4;19,1
sta.lu;sj;l2;sj2-4;18,8
sta.lu;sj;l2;sj2-4;18,7
sta.lu;sj;l2;sj2-4;18,6
sta.lu;sj;l2;sj2-4;15,55
sta.lu;sj;l2;sj2-4;16,8
sta.lu;sj;l2;sj2-4;17,55
sta.lu;sj;l2;sj2-4;18,8
sta.lu;sj;l2;sj2-4;18,1
sta.lu;sj;l2;sj2-3;15,4
sta.lu;sj;l2;sj2-3;16,3
sta.lu;sj;l2;sj2-3;16,35
sta.lu;sj;l2;sj2-3;17,9
sta.lu;sj;l2;sj2-3;17,35
sta.lu;sj;l2;sj2-3;16,35
sta.lu;sj;l2;sj2-3;16,3
sta.lu;sj;l2;sj2-3;16,3
sta.lu;sj;l2;sj2-3;16,3
sta.lu;sj;l2;sj2-3;15,45
sta.lu;sj;l2;sj2-7;17,5
sta.lu;sj;l2;sj2-7;16,3
sta.lu;sj;l2;sj2-7;15
sta.lu;sj;l2;sj2-7;15,1
sta.lu;sj;l2;sj2-7;15,2
sta.lu;sj;l2;sj2-7;15,75
sta.lu;sj;l2;sj2-7;16,8
sta.lu;sj;l2;sj2-7;16,95
sta.lu;sj;l2;sj2-7;15,6
sta.lu;sj;l2;sj2-7;13,2
sta.lu;sj;l2;sj2-6;18,2
sta.lu;sj;l2;sj2-6;16,7
sta.lu;sj;l2;sj2-6;17,35
sta.lu;sj;l2;sj2-6;17,25
sta.lu;sj;l2;sj2-6;17,8
sta.lu;sj;l2;sj2-6;18
sta.lu;sj;l2;sj2-6;17,05
sta.lu;sj;l2;sj2-6;16,55
sta.lu;sj;l2;sj2-6;16,9
sta.lu;sj;l2;sj2-5;16,7
sta.lu;sj;l2;sj2-5;16,1
sta.lu;sj;l2;sj2-5;17
sta.lu;sj;l2;sj2-5;15,45
sta.lu;sj;l2;sj2-5;18,2
sta.lu;sj;l2;sj2-5;15,3
sta.lu;sj;l2;sj2-5;16,25
sta.lu;sj;l2;sj2-5;17,2
sta.lu;sj;l2;sj2-5;14,9
sta.lu;sj;l2;sj2-5;14,3
sta.lu;sj;l2;sj2-2;15,25
sta.lu;sj;l2;sj2-2;14,75
sta.lu;sj;l2;sj2-2;16,25
sta.lu;sj;l2;sj2-2;17,15
sta.lu;sj;l2;sj2-2;15,8
sta.lu;sj;l2;sj2-2;17,3
sta.lu;sj;l2;sj2-2;17,15
sta.lu;sj;l2;sj2-2;17,6
sta.lu;sj;l2;sj2-2;16,8
sta.lu;sj;l2;sj2-2;16,75
citro;pri;l5;pril5-2;11,6
citro;pri;l5;pril5-2;11,65
citro;pri;l5;pril5-2;13,3
citro;pri;l5;pril5-2;13,45
citro;pri;l5;pril5-2;11,75
citro;pri;l5;pril5-2;13,3
citro;pri;l5;pril5-2;13,5
citro;pri;l5;pril5-2;11,3
citro;pri;l5;pril5-2;12,85
citro;pri;l5;pril5-2;10,75
citro;pri;l5;pril5-1;14,2
citro;pri;l5;pril5-1;14
citro;pri;l5;pril5-1;14,25
citro;pri;l5;pril5-1;15,1
citro;pri;l5;pril5-1;10,55
citro;pri;l5;pril5-1;12,45
citro;pri;l5;pril5-1;12,05
citro;pri;l5;pril5-1;12
citro;pri;l5;pril5-1;10,9
citro;pri;l5;pril5-1;11,05
citro;pri;l5;pril5-5;15,5
citro;pri;l5;pril5-5;14,45
citro;pri;l5;pril5-5;16,3
citro;pri;l5;pril5-5;13,95
citro;pri;l5;pril5-5;14,55
citro;pri;l5;pril5-5;15,95
citro;pri;l5;pril5-5;14,15
citro;pri;l5;pril5-5;15,5
citro;pri;l5;pril5-5;14,55
citro;pri;l5;pril5-5;13
citro;pri;l5;pril5-6;16,6
citro;pri;l5;pril5-6;11,85
citro;pri;l5;pril5-6;14,1
citro;pri;l5;pril5-6;13,2
citro;pri;l5;pril5-6;14,2
citro;pri;l5;pril5-6;14,4
citro;pri;l5;pril5-6;14,2
citro;pri;l5;pril5-6;15,65
citro;pri;l5;pril5-6;14,65
citro;pri;l5;pril5-6;11,35
citro;pri;l5;pril5-4;13,3
citro;pri;l5;pril5-4;13,35
citro;pri;l5;pril5-4;13,6
citro;pri;l5;pril5-4;14,9
citro;pri;l5;pril5-4;11,6
citro;pri;l5;pril5-4;12
citro;pri;l5;pril5-4;13,4
citro;pri;l5;pril5-4;13
citro;pri;l5;pril5-4;13
citro;pri;l5;pril5-4;12,35
citro;pri;l5;pril5-7;14,2
citro;pri;l5;pril5-7;12,65
citro;pri;l5;pril5-7;14,9
citro;pri;l5;pril5-7;14,15
citro;pri;l5;pril5-7;14,1
citro;pri;l5;pril5-7;12,85
citro;pri;l5;pril5-7;12
citro;pri;l5;pril5-7;12,75
citro;pri;l5;pril5-7;12,7
citro;pri;l5;pril5-7;11,6
citro;pri;l5;pril5-3;12,3
citro;pri;l5;pril5-3;15,25
citro;pri;l5;pril5-3;13,25
citro;pri;l5;pril5-3;12,3
citro;pri;l5;pril5-3;14,1
citro;pri;l5;pril5-3;11,15
citro;pri;l5;pril5-3;10,55
citro;pri;l5;pril5-3;13,6
citro;pri;l5;pril5-3;13,5
citro;pri;l5;pril5-3;11,7
citro;pri;l5;pril5-3;10,4
sta.lu;sj;l1;sj1-7;15,95
sta.lu;sj;l1;sj1-7;16,65
sta.lu;sj;l1;sj1-7;15,9
sta.lu;sj;l1;sj1-7;17,75
sta.lu;sj;l1;sj1-7;16,35
sta.lu;sj;l1;sj1-7;14,6
sta.lu;sj;l1;sj1-7;17,3
sta.lu;sj;l1;sj1-7;16,4
sta.lu;sj;l1;sj1-7;17,75
sta.lu;sj;l1;sj1-7;14,95
sta.lu;sj;l1;sj1-6;15,4
sta.lu;sj;l1;sj1-6;15,7
sta.lu;sj;l1;sj1-6;16,55
sta.lu;sj;l1;sj1-6;16,15
sta.lu;sj;l1;sj1-6;15,6
sta.lu;sj;l1;sj1-6;15,2
sta.lu;sj;l1;sj1-6;15,3
sta.lu;sj;l1;sj1-6;15,6
sta.lu;sj;l1;sj1-6;15,55
sta.lu;sj;l1;sj1-6;14,95
sta.lu;sj;l1;sj1-5;16,1
sta.lu;sj;l1;sj1-5;18,75
sta.lu;sj;l1;sj1-5;14,7
sta.lu;sj;l1;sj1-5;18,7
sta.lu;sj;l1;sj1-5;17,7
sta.lu;sj;l1;sj1-5;19,35
sta.lu;sj;l1;sj1-5;18,25
sta.lu;sj;l1;sj1-5;16,9
sta.lu;sj;l1;sj1-5;17,6
sta.lu;sj;l1;sj1-5;18,5
sta.lu;sj;l1;sj1-3;16,45
sta.lu;sj;l1;sj1-3;17,85
sta.lu;sj;l1;sj1-3;15,25
sta.lu;sj;l1;sj1-3;16
sta.lu;sj;l1;sj1-3;14,9
sta.lu;sj;l1;sj1-3;16,1
sta.lu;sj;l1;sj1-3;16,85
sta.lu;sj;l1;sj1-3;14,65
sta.lu;sj;l1;sj1-3;16,6
sta.lu;sj;l1;sj1-3;17,35
sta.lu;sj;l1;sj1-4;15,8
sta.lu;sj;l1;sj1-4;17,15
sta.lu;sj;l1;sj1-4;18,95
sta.lu;sj;l1;sj1-4;16,9
sta.lu;sj;l1;sj1-4;15,8
sta.lu;sj;l1;sj1-4;18,5
sta.lu;sj;l1;sj1-4;17,15
sta.lu;sj;l1;sj1-4;17,65
sta.lu;sj;l1;sj1-4;15,8
sta.lu;sj;l1;sj1-4;17,5
sta.lu;sj;l1;sj1-1;18,5
sta.lu;sj;l1;sj1-1;17,5
sta.lu;sj;l1;sj1-1;18,65
sta.lu;sj;l1;sj1-1;17,7
sta.lu;sj;l1;sj1-1;18,45
sta.lu;sj;l1;sj1-1;14,8
sta.lu;sj;l1;sj1-1;17,8
sta.lu;sj;l1;sj1-1;16,1
sta.lu;sj;l1;sj1-1;16,2
sta.lu;sj;l1;sj1-1;16,25
sta.lu;sj;l1;sj1-2;17,9
sta.lu;sj;l1;sj1-2;16,4
sta.lu;sj;l1;sj1-2;17,7
sta.lu;sj;l1;sj1-2;17,75
sta.lu;sj;l1;sj1-2;17
sta.lu;sj;l1;sj1-2;16,4
sta.lu;sj;l1;sj1-2;15,4
sta.lu;sj;l1;sj1-2;16
sta.lu;sj;l1;sj1-2;15,4
tda;pri;l4;pril4-3;15,2
tda;pri;l4;pril4-3;15,05
tda;pri;l4;pril4-3;13,55
tda;pri;l4;pril4-3;15,4
tda;pri;l4;pril4-3;15,15
tda;pri;l4;pril4-3;13,9
tda;pri;l4;pril4-3;15,9
tda;pri;l4;pril4-3;13
tda;pri;l4;pril4-3;15,1
tda;pri;l4;pril4-3;14,1
tda;pri;l4;pril4-2;17,35
tda;pri;l4;pril4-2;12,5
tda;pri;l4;pril4-2;13,4
tda;pri;l4;pril4-2;15
tda;pri;l4;pril4-2;13,9
tda;pri;l4;pril4-2;14,95
tda;pri;l4;pril4-2;16,35
tda;pri;l4;pril4-2;11,2
tda;pri;l4;pril4-2;12,4
tda;pri;l4;pril4-2;14,4
tda;pri;l4;pril4-2;14,8
tda;pri;l4;pril4-2;13,25
tda;pri;l4;pril4-1;16,35
tda;pri;l4;pril4-1;15,1
tda;pri;l4;pril4-1;16,6
tda;pri;l4;pril4-1;14,05
tda;pri;l4;pril4-1;15,45
tda;pri;l4;pril4-1;15
tda;pri;l4;pril4-1;13,7
tda;pri;l4;pril4-1;14,3
tda;pri;l4;pril4-1;12,95
tda;pri;l4;pril4-1;15,6
tda;pri;l4;pril4-1;14,65
tda;pri;l4;pril4-5;14,65
tda;pri;l4;pril4-5;16,2
tda;pri;l4;pril4-5;16
tda;pri;l4;pril4-5;12,5
tda;pri;l4;pril4-5;15,3
tda;pri;l4;pril4-5;14,55
tda;pri;l4;pril4-5;15,1
tda;pri;l4;pril4-5;16,75
tda;pri;l4;pril4-5;16,35
tda;pri;l4;pril4-5;15,85
tda;pri;l4;pril4-4;15,35
tda;pri;l4;pril4-4;13,25
tda;pri;l4;pril4-4;13,8
tda;pri;l4;pril4-4;14,85
tda;pri;l4;pril4-4;14,65
tda;pri;l4;pril4-4;12,25
tda;pri;l4;pril4-4;18
tda;pri;l4;pril4-4;17
tda;pri;l4;pril4-4;13,1
tda;pri;l4;pril4-4;13,65
tda;pri;l4;pril4-4;14,35
tda;pri;l4;pril4-4;14,1
tda;pri;l4;pril4-6;14,4
tda;pri;l4;pril4-6;15,2
tda;pri;l4;pril4-6;13,95
tda;pri;l4;pril4-6;13,95
tda;pri;l4;pril4-6;14,4
tda;pri;l4;pril4-6;15,6
tda;pri;l4;pril4-6;14,2
tda;pri;l4;pril4-6;12,25
tda;pri;l4;pril4-6;15,5
tda;pri;l4;pril4-6;12,55
tda;pri;l4;pril4-6;13,65
tda;pri;l4;pril4-7;15,3
tda;pri;l4;pril4-7;16,8
tda;pri;l4;pril4-7;14,6
tda;pri;l4;pril4-7;14,45
tda;pri;l4;pril4-7;15,1
tda;pri;l4;pril4-7;14,75
tda;pri;l4;pril4-7;16,7
tda;pri;l4;pril4-7;15,75
tda;pri;l4;pril4-7;15,8
tda;pri;l4;pril4-7;16,3
tda;pri;l6;pril6-2;5,35
tda;pri;l6;pril6-2;12,1
tda;pri;l6;pril6-2;14,8
tda;pri;l6;pril6-2;14,4
tda;pri;l6;pril6-2;12
tda;pri;l6;pril6-2;13,35
tda;pri;l6;pril6-2;16,6
tda;pri;l6;pril6-2;10,75
tda;pri;l6;pril6-2;13,4
tda;pri;l6;pril6-2;12,25
tda;pri;l6;pril6-2;16,7
tda;pri;l6;pril6-2;16,25
tda;pri;l6;pril6-2;14
tda;pri;l6;pril6-2;14,25
tda;pri;l6;pril6-2;12,3
tda;pri;l6;pril6-1;15
tda;pri;l6;pril6-1;16,7
tda;pri;l6;pril6-1;16,6
tda;pri;l6;pril6-1;16,55
tda;pri;l6;pril6-1;10,95
tda;pri;l6;pril6-1;12,8
tda;pri;l6;pril6-1;13,25
tda;pri;l6;pril6-1;16,6
tda;pri;l6;pril6-1;12,55
tda;pri;l6;pril6-1;15,15
tda;pri;l6;pril6-1;15,05
tda;pri;l6;pril6-7;13,45
tda;pri;l6;pril6-7;14,25
tda;pri;l6;pril6-7;13,55
tda;pri;l6;pril6-7;15,45
tda;pri;l6;pril6-7;16,05
tda;pri;l6;pril6-7;16,3
tda;pri;l6;pril6-7;11,95
tda;pri;l6;pril6-7;13,1
tda;pri;l6;pril6-7;15,55
tda;pri;l6;pril6-7;13,55
tda;pri;l6;pril6-7;12,85
tda;pri;l6;pril6-7;12,75
tda;pri;l6;pril6-6;12,9
tda;pri;l6;pril6-6;12,05
tda;pri;l6;pril6-6;14,95
tda;pri;l6;pril6-6;14,5
tda;pri;l6;pril6-6;13,2
tda;pri;l6;pril6-6;14,5
tda;pri;l6;pril6-6;11,4
tda;pri;l6;pril6-6;14,55
tda;pri;l6;pril6-6;16,8
tda;pri;l6;pril6-6;15,3
tda;pri;l6;pril6-6;15,05
tda;pri;l6;pril6-6;16,45
tda;pri;l6;pril6-6;14,4
tda;pri;l6;pril6-5;17,1
tda;pri;l6;pril6-5;14,95
tda;pri;l6;pril6-5;12,25
tda;pri;l6;pril6-5;14,25
tda;pri;l6;pril6-5;11,05
tda;pri;l6;pril6-5;13,85
tda;pri;l6;pril6-5;14,35
tda;pri;l6;pril6-5;15,15
tda;pri;l6;pril6-5;14,85
tda;pri;l6;pril6-5;14,1
tda;pri;l6;pril6-5;15,7
tda;pri;l6;pril6-3;13
tda;pri;l6;pril6-3;12,3
tda;pri;l6;pril6-3;16,05
tda;pri;l6;pril6-3;16,45
tda;pri;l6;pril6-3;14,45
tda;pri;l6;pril6-3;18,05
tda;pri;l6;pril6-3;12,7
tda;pri;l6;pril6-3;12,4
tda;pri;l6;pril6-3;13,95
tda;pri;l6;pril6-3;10,7
tda;pri;l6;pril6-4;15,1
tda;pri;l6;pril6-4;14,65
tda;pri;l6;pril6-4;12,65
tda;pri;l6;pril6-4;15,65
tda;pri;l6;pril6-4;14,15
tda;pri;l6;pril6-4;15,4
tda;pri;l6;pril6-4;14,9
tda;pri;l6;pril6-4;13,9
tda;pri;l6;pril6-4;15,7
tda;pri;l6;pril6-4;15,1
tda;pri;l3;pril3-1;12,3
tda;pri;l3;pril3-1;13,9
tda;pri;l3;pril3-1;11,55
tda;pri;l3;pril3-1;14,2
tda;pri;l3;pril3-1;16,1
tda;pri;l3;pril3-1;11,85
tda;pri;l3;pril3-1;15,45
tda;pri;l3;pril3-1;16,9
tda;pri;l3;pril3-1;14,2
tda;pri;l3;pril3-1;12,6
tda;pri;l3;pril3-1;14,2
tda;pri;l3;pril3-1;14,5
tda;pri;l3;pril3-1;12,1
tda;pri;l3;pril3-2;16,7
tda;pri;l3;pril3-2;16,85
tda;pri;l3;pril3-2;15,8
tda;pri;l3;pril3-2;15,25
tda;pri;l3;pril3-2;15,5
tda;pri;l3;pril3-2;14,65
tda;pri;l3;pril3-2;16,25
tda;pri;l3;pril3-2;17,35
tda;pri;l3;pril3-2;14,35
tda;pri;l3;pril3-2;15,7
tda;pri;l3;pril3-2;14,75
tda;pri;l3;pril3-4;13,5
tda;pri;l3;pril3-4;14,15
tda;pri;l3;pril3-4;15,15
tda;pri;l3;pril3-4;15,8
tda;pri;l3;pril3-4;11,95
tda;pri;l3;pril3-4;13,75
tda;pri;l3;pril3-4;13,1
tda;pri;l3;pril3-4;12,8
tda;pri;l3;pril3-4;13,95
tda;pri;l3;pril3-4;15,3
tda;pri;l3;pril3-4;15,1
tda;pri;l3;pril3-4;15,7
tda;pri;l3;pril3-3;12,05
tda;pri;l3;pril3-3;11,1
tda;pri;l3;pril3-3;12,5
tda;pri;l3;pril3-3;13,1
tda;pri;l3;pril3-3;11,55
tda;pri;l3;pril3-3;12,75
tda;pri;l3;pril3-3;12,35
tda;pri;l3;pril3-3;12,55
tda;pri;l3;pril3-3;13,1
tda;pri;l3;pril3-3;13,25
tda;pri;l3;pril3-3;11,95
tda;pri;l3;pril3-7;16,1
tda;pri;l3;pril3-7;15,6
tda;pri;l3;pril3-7;15,9
tda;pri;l3;pril3-7;13,15
tda;pri;l3;pril3-7;15
tda;pri;l3;pril3-7;15,65
tda;pri;l3;pril3-7;16,5
tda;pri;l3;pril3-7;16,95
tda;pri;l3;pril3-7;14,35
tda;pri;l3;pril3-7;13,85
tda;pri;l3;pril3-7;14,05
tda;pri;l3;pril3-6;15,85
tda;pri;l3;pril3-6;15,05
tda;pri;l3;pril3-6;15,85
tda;pri;l3;pril3-6;15,25
tda;pri;l3;pril3-6;15,9
tda;pri;l3;pril3-6;14,3
tda;pri;l3;pril3-6;15,95
tda;pri;l3;pril3-6;14,95
tda;pri;l3;pril3-6;11,7
tda;pri;l3;pril3-6;14,5
tda;pri;l3;pril3-6;14,4
tda;pri;l3;pril3-5;15,2
tda;pri;l3;pril3-5;14,55
tda;pri;l3;pril3-5;12,6
tda;pri;l3;pril3-5;14,15
tda;pri;l3;pril3-5;15,7
tda;pri;l3;pril3-5;16,25
tda;pri;l3;pril3-5;12,25
tda;pri;l3;pril3-5;12,2
tda;pri;l3;pril3-5;14,75
tda;pri;l3;pril3-5;15,65
tda;pri;l3;pril3-5;14,8
tda;pri;l3;pril3-5;15,45
tda;pri;l3;pril3-5;14
tdb;sj;l4;sj4-7;14,6
tdb;sj;l4;sj4-7;14,55
tdb;sj;l4;sj4-7;15,55
tdb;sj;l4;sj4-7;14,45
tdb;sj;l4;sj4-7;15,65
tdb;sj;l4;sj4-7;16,9
tdb;sj;l4;sj4-7;15,3
tdb;sj;l4;sj4-7;16,05
tdb;sj;l4;sj4-7;15,5
tdb;sj;l4;sj4-7;15,2
tdb;sj;l4;sj4-7;15,4
tdb;sj;l4;sj4-7;16,45
tdb;sj;l4;sj4-6;15,45
tdb;sj;l4;sj4-6;17
tdb;sj;l4;sj4-6;15,25
tdb;sj;l4;sj4-6;15
tdb;sj;l4;sj4-6;17,45
tdb;sj;l4;sj4-6;14,45
tdb;sj;l4;sj4-6;13,3
tdb;sj;l4;sj4-6;15,55
tdb;sj;l4;sj4-6;15,65
tdb;sj;l4;sj4-6;15
tdb;sj;l4;sj4-6;17,3
tdb;sj;l4;sj4-6;15,35
tdb;sj;l4;sj4-5;14,1
tdb;sj;l4;sj4-5;15,25
tdb;sj;l4;sj4-5;14,85
tdb;sj;l4;sj4-5;15,2
tdb;sj;l4;sj4-5;14
tdb;sj;l4;sj4-5;13,75
tdb;sj;l4;sj4-5;14
tdb;sj;l4;sj4-5;14,85
tdb;sj;l4;sj4-5;14,15
tdb;sj;l4;sj4-5;14,95
tdb;sj;l4;sj4-5;14,25
tdb;sj;l4;sj4-4;18,4
tdb;sj;l4;sj4-4;15,65
tdb;sj;l4;sj4-4;14,8
tdb;sj;l4;sj4-4;13,9
tdb;sj;l4;sj4-4;15,7
tdb;sj;l4;sj4-4;17,2
tdb;sj;l4;sj4-4;15
tdb;sj;l4;sj4-4;16,5
tdb;sj;l4;sj4-4;17,2
tdb;sj;l4;sj4-4;14,95
tdb;sj;l4;sj4-4;15,2
tdb;sj;l4;sj4-3;15,45
tdb;sj;l4;sj4-3;16,2
tdb;sj;l4;sj4-3;16,15
tdb;sj;l4;sj4-3;14,5
tdb;sj;l4;sj4-3;14,8
tdb;sj;l4;sj4-3;15
tdb;sj;l4;sj4-3;16,25
tdb;sj;l4;sj4-3;14,5
tdb;sj;l4;sj4-3;15,95
tdb;sj;l4;sj4-3;15,5
tdb;sj;l4;sj4-3;15,9
tdb;sj;l4;sj4-2;16,85
tdb;sj;l4;sj4-2;16,9
tdb;sj;l4;sj4-2;14,3
tdb;sj;l4;sj4-2;15,55
tdb;sj;l4;sj4-2;14,9
tdb;sj;l4;sj4-2;16,8
tdb;sj;l4;sj4-2;15,8
tdb;sj;l4;sj4-2;13,1
tdb;sj;l4;sj4-2;15,55
tdb;sj;l4;sj4-2;15,05
tdb;sj;l4;sj4-2;12,8
tdb;sj;l4;sj4-2;14,3
tdb;sj;l4;sj4-2;14,65
tdb;sj;l4;sj4-1;16,1
tdb;sj;l4;sj4-1;17,25
tdb;sj;l4;sj4-1;17,8
tdb;sj;l4;sj4-1;17,05
tdb;sj;l4;sj4-1;16,5
tdb;sj;l4;sj4-1;15,95
tdb;sj;l4;sj4-1;15,1
tdb;sj;l4;sj4-1;15
tdb;sj;l4;sj4-1;15,2
tdb;sj;l4;sj4-1;16,35
tdb;sj;l4;sj4-1;15,25
tdb;pri;l6;pril6-5;16,2
tdb;pri;l6;pril6-5;18
tdb;pri;l6;pril6-5;13,3
tdb;pri;l6;pril6-5;17,3
tdb;pri;l6;pril6-5;16,15
tdb;pri;l6;pril6-5;15,55
tdb;pri;l6;pril6-5;13,4
tdb;pri;l6;pril6-5;16,5
tdb;pri;l6;pril6-5;16,4
tdb;pri;l6;pril6-5;16,9
tdb;pri;l6;pril6-7;18,05
tdb;pri;l6;pril6-7;15,5
tdb;pri;l6;pril6-7;17,3
tdb;pri;l6;pril6-7;12,65
tdb;pri;l6;pril6-7;14,25
tdb;pri;l6;pril6-7;16,75
tdb;pri;l6;pril6-7;14,45
tdb;pri;l6;pril6-7;16,15
tdb;pri;l6;pril6-7;15,75
tdb;pri;l6;pril6-7;12,9
tdb;pri;l6;pril6-7;14,1
tdb;pri;l6;pril6-6;15,4
tdb;pri;l6;pril6-6;15,25
tdb;pri;l6;pril6-6;15,65
tdb;pri;l6;pril6-6;11,45
tdb;pri;l6;pril6-6;15,1
tdb;pri;l6;pril6-6;15,1
tdb;pri;l6;pril6-6;16
tdb;pri;l6;pril6-6;14,8
tdb;pri;l6;pril6-6;13,85
tdb;pri;l6;pril6-6;16,35
tdb;pri;l6;pril6-6;16,55
tdb;pri;l6;pril6-4;16,05
tdb;pri;l6;pril6-4;16,4
tdb;pri;l6;pril6-4;17,25
tdb;pri;l6;pril6-4;16,4
tdb;pri;l6;pril6-4;17,8
tdb;pri;l6;pril6-4;15,45
tdb;pri;l6;pril6-4;16,2
tdb;pri;l6;pril6-4;15,95
tdb;pri;l6;pril6-4;16,55
tdb;pri;l6;pril6-4;15,65
tdb;pri;l6;pril6-3;16,5
tdb;pri;l6;pril6-3;14,9
tdb;pri;l6;pril6-3;15,15
tdb;pri;l6;pril6-3;17,2
tdb;pri;l6;pril6-3;14,95
tdb;pri;l6;pril6-3;15,35
tdb;pri;l6;pril6-3;16,35
tdb;pri;l6;pril6-3;15,55
tdb;pri;l6;pril6-3;15,6
tdb;pri;l6;pril6-3;16,85
tdb;pri;l6;pril6-2;17,9
tdb;pri;l6;pril6-2;16,65
tdb;pri;l6;pril6-2;15,4
tdb;pri;l6;pril6-2;17
tdb;pri;l6;pril6-2;15,6
tdb;pri;l6;pril6-2;15,1
tdb;pri;l6;pril6-2;13,75
tdb;pri;l6;pril6-2;17,6
tdb;pri;l6;pril6-2;17,65
tdb;pri;l6;pril6-2;12,6
tdb;pri;l6;pril6-2;18,85
tdb;pri;l6;pril6-2;16,2
tdb;pri;l6;pril6-1;18,6
tdb;pri;l6;pril6-1;18,5
tdb;pri;l6;pril6-1;17
tdb;pri;l6;pril6-1;15,85
tdb;pri;l6;pril6-1;12,8
tdb;pri;l6;pril6-1;15,55
tdb;pri;l6;pril6-1;16,8
tdb;pri;l6;pril6-1;16,65
tdb;pri;l6;pril6-1;14,85
tdb;pri;l6;pril6-1;18,05
tdb;pri;l6;pril6-1;14,6
sta.lu;sj;l3;sj3-7;17,8
sta.lu;sj;l3;sj3-7;14,9
sta.lu;sj;l3;sj3-7;16,05
sta.lu;sj;l3;sj3-7;13,25
sta.lu;sj;l3;sj3-7;17,8
sta.lu;sj;l3;sj3-7;13,7
sta.lu;sj;l3;sj3-7;13,75
sta.lu;sj;l3;sj3-6;17,05
sta.lu;sj;l3;sj3-6;16,2
sta.lu;sj;l3;sj3-6;16,6
sta.lu;sj;l3;sj3-6;17,15
sta.lu;sj;l3;sj3-6;16,6
sta.lu;sj;l3;sj3-6;17,05
sta.lu;sj;l3;sj3-6;15,9
sta.lu;sj;l3;sj3-6;15,1
sta.lu;sj;l3;sj3-4;17,55
sta.lu;sj;l3;sj3-4;18,55
sta.lu;sj;l3;sj3-4;16,05
sta.lu;sj;l3;sj3-4;17,6
sta.lu;sj;l3;sj3-4;18,1
sta.lu;sj;l3;sj3-4;17,9
sta.lu;sj;l3;sj3-4;17,05
sta.lu;sj;l3;sj3-4;16,7
sta.lu;sj;l3;sj3-4;15,95
sta.lu;sj;l3;sj3-4;18
sta.lu;sj;l3;sj3-5;17,7
sta.lu;sj;l3;sj3-5;17,35
sta.lu;sj;l3;sj3-5;18,2
sta.lu;sj;l3;sj3-5;18,8
sta.lu;sj;l3;sj3-5;18,75
sta.lu;sj;l3;sj3-5;17,05
sta.lu;sj;l3;sj3-5;17,9
sta.lu;sj;l3;sj3-5;18,25
sta.lu;sj;l3;sj3-5;17,05
sta.lu;sj;l3;sj3-5;18
sta.lu;sj;l3;sj3-3;14,4
sta.lu;sj;l3;sj3-3;17,3
sta.lu;sj;l3;sj3-3;17
sta.lu;sj;l3;sj3-3;15,25
sta.lu;sj;l3;sj3-3;17,3
sta.lu;sj;l3;sj3-3;16,55
sta.lu;sj;l3;sj3-3;15,2
sta.lu;sj;l3;sj3-3;15,25
sta.lu;sj;l3;sj3-3;18,45
sta.lu;sj;l3;sj3-2;16,45
sta.lu;sj;l3;sj3-2;18,9
sta.lu;sj;l3;sj3-2;17,6
sta.lu;sj;l3;sj3-2;16,6
sta.lu;sj;l3;sj3-2;15,8
sta.lu;sj;l3;sj3-2;16,6
sta.lu;sj;l3;sj3-2;17,9
sta.lu;sj;l3;sj3-2;15,8
sta.lu;sj;l3;sj3-2;16,7
sta.lu;sj;l3;sj3-2;15,45
sta.lu;sj;l3;sj3-1;14,4
sta.lu;sj;l3;sj3-1;15,75
sta.lu;sj;l3;sj3-1;15,3
sta.lu;sj;l3;sj3-1;16,45
sta.lu;sj;l3;sj3-1;15,55
sta.lu;sj;l3;sj3-1;16,85
sta.lu;sj;l3;sj3-1;15,1
sta.lu;sj;l3;sj3-1;15,95
sta.lu;sj;l3;sj3-1;15,1
citro;pri;l1;pril1-3;15,9
citro;pri;l1;pril1-3;14,85
citro;pri;l1;pril1-3;17,4
citro;pri;l1;pril1-3;17,95
citro;pri;l1;pril1-3;18
citro;pri;l1;pril1-3;17,1
citro;pri;l1;pril1-3;16,75
citro;pri;l1;pril1-3;14,1
citro;pri;l1;pril1-3;14,95
citro;pri;l1;pril1-3;13,4
citro;pri;l1;pril1-2;15
citro;pri;l1;pril1-2;14,8
citro;pri;l1;pril1-2;16,55
citro;pri;l1;pril1-2;17,6
citro;pri;l1;pril1-2;16,55
citro;pri;l1;pril1-2;16,55
citro;pri;l1;pril1-2;16,75
citro;pri;l1;pril1-2;15,75
citro;pri;l1;pril1-2;15,2
citro;pri;l1;pril1-2;17,5
citro;pri;l1;pril1-1;17,25
citro;pri;l1;pril1-1;14,85
citro;pri;l1;pril1-1;16,55
citro;pri;l1;pril1-1;17
citro;pri;l1;pril1-1;18,25
citro;pri;l1;pril1-1;17,75
citro;pri;l1;pril1-1;15,8
citro;pri;l1;pril1-1;16,15
citro;pri;l1;pril1-1;17,15
citro;pri;l1;pril1-1;15,75
citro;pri;l1;pril1-5;16,7
citro;pri;l1;pril1-5;15,35
citro;pri;l1;pril1-5;14,8
citro;pri;l1;pril1-5;15,9
citro;pri;l1;pril1-5;15,8
citro;pri;l1;pril1-5;16,65
citro;pri;l1;pril1-5;16,15
citro;pri;l1;pril1-5;15,75
citro;pri;l1;pril1-5;16,2
citro;pri;l1;pril1-5;16,3
citro;pri;l1;pril1-4;17,6
citro;pri;l1;pril1-4;17,3
citro;pri;l1;pril1-4;16
citro;pri;l1;pril1-4;15,25
citro;pri;l1;pril1-4;15,7
citro;pri;l1;pril1-4;15,5
citro;pri;l1;pril1-4;15,65
citro;pri;l1;pril1-4;17,05
citro;pri;l1;pril1-4;15,45
citro;pri;l1;pril1-4;16,1
citro;pri;l1;pril1-7;13,55
citro;pri;l1;pril1-7;13,6
citro;pri;l1;pril1-7;13,9
citro;pri;l1;pril1-7;16,6
citro;pri;l1;pril1-7;13,6
citro;pri;l1;pril1-7;12,45
citro;pri;l1;pril1-7;14,4
citro;pri;l1;pril1-7;13,5
citro;pri;l1;pril1-7;14,4
citro;pri;l1;pril1-7;12,45
citro;pri;l1;pril1-6;13,6
citro;pri;l1;pril1-6;15,25
citro;pri;l1;pril1-6;16
citro;pri;l1;pril1-6;14,15
citro;pri;l1;pril1-6;14,6
citro;pri;l1;pril1-6;14,65
citro;pri;l1;pril1-6;15,35
citro;pri;l1;pril1-6;15,6
citro;pri;l1;pril1-6;14,8
citro;pri;l1;pril1-6;15,3
tda;pri;l5;pril5-3;12,05
tda;pri;l5;pril5-3;13,75
tda;pri;l5;pril5-3;16,25
tda;pri;l5;pril5-3;15,9
tda;pri;l5;pril5-3;14,7
tda;pri;l5;pril5-3;13,6
tda;pri;l5;pril5-3;15,6
tda;pri;l5;pril5-3;16,65
tda;pri;l5;pril5-3;14,8
tda;pri;l5;pril5-2;13,75
tda;pri;l5;pril5-2;13,5
tda;pri;l5;pril5-2;15,1
tda;pri;l5;pril5-2;14,8
tda;pri;l5;pril5-2;13
tda;pri;l5;pril5-2;14,3
tda;pri;l5;pril5-2;11,7
tda;pri;l5;pril5-2;14,5
tda;pri;l5;pril5-2;12,45
tda;pri;l5;pril5-2;11,5
tda;pri;l5;pril5-1;16,5
tda;pri;l5;pril5-1;14,75
tda;pri;l5;pril5-1;12,7
tda;pri;l5;pril5-1;12,2
tda;pri;l5;pril5-1;13,9
tda;pri;l5;pril5-1;14,3
tda;pri;l5;pril5-1;14,5
tda;pri;l5;pril5-1;15,95
tda;pri;l5;pril5-1;15,85
tda;pri;l5;pril5-1;13,05
tda;pri;l5;pril5-1;12,25
tda;pri;l5;pril5-5;18,3
tda;pri;l5;pril5-5;16,6
tda;pri;l5;pril5-5;15,85
tda;pri;l5;pril5-5;18,1
tda;pri;l5;pril5-5;16,6
tda;pri;l5;pril5-5;16,35
tda;pri;l5;pril5-5;17,45
tda;pri;l5;pril5-5;17,3
tda;pri;l5;pril5-5;16,4
tda;pri;l5;pril5-5;15,65
tda;pri;l5;pril5-4;14,1
tda;pri;l5;pril5-4;13,6
tda;pri;l5;pril5-4;13,35
tda;pri;l5;pril5-4;15,2
tda;pri;l5;pril5-4;13,95
tda;pri;l5;pril5-4;14,45
tda;pri;l5;pril5-4;14
tda;pri;l5;pril5-4;12,25
tda;pri;l5;pril5-4;12,6
tda;pri;l5;pril5-4;13,95
tda;pri;l5;pril5-6;14,3
tda;pri;l5;pril5-6;16,2
tda;pri;l5;pril5-6;14,15
tda;pri;l5;pril5-6;13,75
tda;pri;l5;pril5-6;14,05
tda;pri;l5;pril5-6;17,5
tda;pri;l5;pril5-6;13
tda;pri;l5;pril5-6;15,1
tda;pri;l5;pril5-6;13,85
tda;pri;l5;pril5-6;12,15
tda;pri;l5;pril5-7;16,4
tda;pri;l5;pril5-7;14,4
tda;pri;l5;pril5-7;14,1
tda;pri;l5;pril5-7;14,55
tda;pri;l5;pril5-7;14,95
tda;pri;l5;pril5-7;16,4
tda;pri;l5;pril5-7;14,55
tda;pri;l5;pril5-7;14,2
tda;pri;l5;pril5-7;12,15
tda;pri;l5;pril5-7;10,85
tda;pri;l2;pril2-7;15,25
tda;pri;l2;pril2-7;14,05
tda;pri;l2;pril2-7;14,55
tda;pri;l2;pril2-7;15,3
tda;pri;l2;pril2-7;16,2
tda;pri;l2;pril2-7;16,05
tda;pri;l2;pril2-7;14,55
tda;pri;l2;pril2-7;13,05
tda;pri;l2;pril2-7;13,95
tda;pri;l2;pril2-7;12,8
tda;pri;l2;pril2-7;13,8
tda;pri;l2;pril2-6;14,05
tda;pri;l2;pril2-6;14,6
tda;pri;l2;pril2-6;13,95
tda;pri;l2;pril2-6;14,5
tda;pri;l2;pril2-6;12,7
tda;pri;l2;pril2-6;14
tda;pri;l2;pril2-6;13,65
tda;pri;l2;pril2-6;15,2
tda;pri;l2;pril2-6;15
tda;pri;l2;pril2-6;12,85
tda;pri;l2;pril2-6;12,5
tda;pri;l2;pril2-5;17
tda;pri;l2;pril2-5;15,6
tda;pri;l2;pril2-5;13,8
tda;pri;l2;pril2-5;11,85
tda;pri;l2;pril2-5;13,4
tda;pri;l2;pril2-5;15,45
tda;pri;l2;pril2-5;15,1
tda;pri;l2;pril2-5;14,4
tda;pri;l2;pril2-5;14,55
tda;pri;l2;pril2-5;15,95
tda;pri;l2;pril2-5;12,7
tda;pri;l2;pril2-4;14,15
tda;pri;l2;pril2-4;12,5
tda;pri;l2;pril2-4;14,6
tda;pri;l2;pril2-4;13,6
tda;pri;l2;pril2-4;13,45
tda;pri;l2;pril2-4;13,75
tda;pri;l2;pril2-4;15,05
tda;pri;l2;pril2-4;12,4
tda;pri;l2;pril2-4;12,6
tda;pri;l2;pril2-4;14
tda;pri;l2;pril2-3;14,05
tda;pri;l2;pril2-3;14,45
tda;pri;l2;pril2-3;15,55
tda;pri;l2;pril2-3;13,5
tda;pri;l2;pril2-3;15,7
tda;pri;l2;pril2-3;14,75
tda;pri;l2;pril2-3;15
tda;pri;l2;pril2-3;16,2
tda;pri;l2;pril2-3;14,4
tda;pri;l2;pril2-3;15,25
tda;pri;l2;pril2-3;11,9
tda;pri;l2;pril2-3;13,2
tda;pri;l2;pril2-2;16,1
tda;pri;l2;pril2-2;13,75
tda;pri;l2;pril2-2;15,35
tda;pri;l2;pril2-2;13
tda;pri;l2;pril2-2;16,3
tda;pri;l2;pril2-2;14,3
tda;pri;l2;pril2-2;16,25
tda;pri;l2;pril2-2;14,55
tda;pri;l2;pril2-2;13,4
tda;pri;l2;pril2-2;14,9
tda;pri;l2;pril2-2;14,9
tda;pri;l2;pril2-1;12,45
tda;pri;l2;pril2-1;13,3
tda;pri;l2;pril2-1;15,7
tda;pri;l2;pril2-1;13,35
tda;pri;l2;pril2-1;13,35
tda;pri;l2;pril2-1;15,35
tda;pri;l2;pril2-1;14,8
tda;pri;l2;pril2-1;14,6
tda;pri;l2;pril2-1;13,25
tda;pri;l2;pril2-1;13,6
tda;pri;l2;pril2-1;15,2
tda;pri;l2;pril2-1;12,25
citro;sj;l1;sj1-7;15,95
citro;sj;l1;sj1-7;16,2
citro;sj;l1;sj1-7;17,4
citro;sj;l1;sj1-7;17,55
citro;sj;l1;sj1-7;15,45
citro;sj;l1;sj1-7;17,25
citro;sj;l1;sj1-7;19,4
citro;sj;l1;sj1-7;17,3
citro;sj;l1;sj1-7;16,7
citro;sj;l1;sj1-7;15,8
citro;sj;l1;sj1-7;16,55
citro;sj;l1;sj1-6;20
citro;sj;l1;sj1-6;16,8
citro;sj;l1;sj1-6;17,3
citro;sj;l1;sj1-6;18,75
citro;sj;l1;sj1-6;16,65
citro;sj;l1;sj1-6;15,25
citro;sj;l1;sj1-6;16,6
citro;sj;l1;sj1-6;18,3
citro;sj;l1;sj1-6;17,8
citro;sj;l1;sj1-6;18,4
citro;sj;l1;sj1-6;16,25
citro;sj;l1;sj1-5;18,75
citro;sj;l1;sj1-5;18,25
citro;sj;l1;sj1-5;18,65
citro;sj;l1;sj1-5;18,2
citro;sj;l1;sj1-5;18
citro;sj;l1;sj1-5;17,4
citro;sj;l1;sj1-5;18,7
citro;sj;l1;sj1-5;17
citro;sj;l1;sj1-5;19,3
citro;sj;l1;sj1-5;18,95
citro;sj;l1;sj1-4;18,05
citro;sj;l1;sj1-4;18,9
citro;sj;l1;sj1-4;18,35
citro;sj;l1;sj1-4;17,25
citro;sj;l1;sj1-4;16,7
citro;sj;l1;sj1-4;19,7
citro;sj;l1;sj1-4;18,4
citro;sj;l1;sj1-4;18,1
citro;sj;l1;sj1-4;16,4
citro;sj;l1;sj1-4;18,15
citro;sj;l1;sj1-4;13,65
citro;sj;l1;sj1-2;19,55
citro;sj;l1;sj1-2;18,2
citro;sj;l1;sj1-2;16,1
citro;sj;l1;sj1-2;17,85
citro;sj;l1;sj1-2;16,5
citro;sj;l1;sj1-2;17,15
citro;sj;l1;sj1-2;15,65
citro;sj;l1;sj1-2;17,95
citro;sj;l1;sj1-2;16,55
citro;sj;l1;sj1-2;17,35
citro;sj;l1;sj1-2;16,35
citro;sj;l1;sj1-3;23
citro;sj;l1;sj1-3;17,9
citro;sj;l1;sj1-3;20,6
citro;sj;l1;sj1-3;18,1
citro;sj;l1;sj1-3;16,4
citro;sj;l1;sj1-3;18,5
citro;sj;l1;sj1-3;21
citro;sj;l1;sj1-3;18,3
citro;sj;l1;sj1-3;20,3
citro;sj;l1;sj1-3;18,7
citro;sj;l1;sj1-3;16,4
citro;sj;l1;sj1-1;16,35
citro;sj;l1;sj1-1;14,55
citro;sj;l1;sj1-1;16,2
citro;sj;l1;sj1-1;15,15
citro;sj;l1;sj1-1;17,45
citro;sj;l1;sj1-1;16,65
citro;sj;l1;sj1-1;16,45
citro;sj;l1;sj1-1;15,6
citro;sj;l1;sj1-1;17,5
citro;sj;l1;sj1-1;14,45
sta.lu;sj;l5;sj5-3;15,2
sta.lu;sj;l5;sj5-3;15
sta.lu;sj;l5;sj5-3;17,6
sta.lu;sj;l5;sj5-3;14,9
sta.lu;sj;l5;sj5-3;17,15
sta.lu;sj;l5;sj5-3;19,1
sta.lu;sj;l5;sj5-3;15,15
sta.lu;sj;l5;sj5-3;15
sta.lu;sj;l5;sj5-3;15,3
sta.lu;sj;l5;sj5-3;15,55
sta.lu;sj;l5;sj5-3;16,1
sta.lu;sj;l5;sj5-2;15,65
sta.lu;sj;l5;sj5-2;15,1
sta.lu;sj;l5;sj5-2;15,95
sta.lu;sj;l5;sj5-2;17,25
sta.lu;sj;l5;sj5-2;16,1
sta.lu;sj;l5;sj5-2;18,15
sta.lu;sj;l5;sj5-2;15,25
sta.lu;sj;l5;sj5-2;16
sta.lu;sj;l5;sj5-2;16
sta.lu;sj;l5;sj5-2;16,4
sta.lu;sj;l5;sj5-1;14,8
sta.lu;sj;l5;sj5-1;15,7
sta.lu;sj;l5;sj5-1;15,65
sta.lu;sj;l5;sj5-1;15,35
sta.lu;sj;l5;sj5-1;13,45
sta.lu;sj;l5;sj5-1;14,3
sta.lu;sj;l5;sj5-1;13,6
sta.lu;sj;l5;sj5-1;15,5
sta.lu;sj;l5;sj5-1;14
sta.lu;sj;l5;sj5-1;15
sta.lu;sj;l5;sj5-1;12,05
sta.lu;sj;l5;sj5-5;17,35
sta.lu;sj;l5;sj5-5;15,95
sta.lu;sj;l5;sj5-5;15,85
sta.lu;sj;l5;sj5-5;15,8
sta.lu;sj;l5;sj5-5;15,8
sta.lu;sj;l5;sj5-5;15,4
sta.lu;sj;l5;sj5-5;17,35
sta.lu;sj;l5;sj5-5;15,15
sta.lu;sj;l5;sj5-5;17,15
sta.lu;sj;l5;sj5-5;16,6
sta.lu;sj;l5;sj5-4;15,25
sta.lu;sj;l5;sj5-4;15,95
sta.lu;sj;l5;sj5-4;14,8
sta.lu;sj;l5;sj5-4;17,85
sta.lu;sj;l5;sj5-4;16,4
sta.lu;sj;l5;sj5-4;14,7
sta.lu;sj;l5;sj5-4;16,8
sta.lu;sj;l5;sj5-4;15
sta.lu;sj;l5;sj5-4;14,55
sta.lu;sj;l5;sj5-4;16
sta.lu;sj;l5;sj5-7;16,6
sta.lu;sj;l5;sj5-7;16,2
sta.lu;sj;l5;sj5-7;16,65
sta.lu;sj;l5;sj5-7;15,45
sta.lu;sj;l5;sj5-7;15,45
sta.lu;sj;l5;sj5-7;17
sta.lu;sj;l5;sj5-7;18,1
sta.lu;sj;l5;sj5-7;17,1
sta.lu;sj;l5;sj5-7;14,45
sta.lu;sj;l5;sj5-7;16,1
sta.lu;sj;l5;sj5-6;16,95
sta.lu;sj;l5;sj5-6;15,15
sta.lu;sj;l5;sj5-6;15,8
sta.lu;sj;l5;sj5-6;15,9
sta.lu;sj;l5;sj5-6;16,25
sta.lu;sj;l5;sj5-6;15,4
sta.lu;sj;l5;sj5-6;16,45
sta.lu;sj;l5;sj5-6;16
sta.lu;sj;l5;sj5-6;15,4
sta.lu;sj;l5;sj5-6;17,95
sta.lu;sj;l5;sj5-6;16,55
