finca;variedad;lote ;planta;diamF
sta.lu;pri;3;pril3-6;12,4
sta.lu;pri;3;pril3-6;12,7
sta.lu;pri;3;pril3-6;13,7
sta.lu;pri;3;pril3-6;13,25
sta.lu;pri;3;pril3-6;13
sta.lu;pri;3;pril3-6;13,8
sta.lu;pri;3;pril3-6;12
sta.lu;pri;3;pril3-6;12,1
sta.lu;pri;3;pril3-6;12,1
sta.lu;pri;3;pril3-6;12,9
sta.lu;pri;3;pril3-7;15,1
sta.lu;pri;3;pril3-7;13,6
sta.lu;pri;3;pril3-7;13,4
sta.lu;pri;3;pril3-7;14,1
sta.lu;pri;3;pril3-7;13,35
sta.lu;pri;3;pril3-7;13,6
sta.lu;pri;3;pril3-7;14,5
sta.lu;pri;3;pril3-7;12,65
sta.lu;pri;3;pril3-5;13,9
sta.lu;pri;3;pril3-5;17,05
sta.lu;pri;3;pril3-5;16,8
sta.lu;pri;3;pril3-5;13,9
sta.lu;pri;3;pril3-5;16
sta.lu;pri;3;pril3-5;16
sta.lu;pri;3;pril3-5;15
sta.lu;pri;3;pril3-5;19,9
sta.lu;pri;3;pril3-5;15,3
sta.lu;pri;3;pril3-5;15,4
sta.lu;pri;3;pril3-1;12,1
sta.lu;pri;3;pril3-1;13,1
sta.lu;pri;3;pril3-1;13,4
sta.lu;pri;3;pril3-1;11,95
sta.lu;pri;3;pril3-1;12,8
sta.lu;pri;3;pril3-1;13,4
sta.lu;pri;3;pril3-1;13,3
sta.lu;pri;3;pril3-1;12,1
sta.lu;pri;3;pril3-1;13,6
sta.lu;pri;3;pril3-1;12,6
sta.lu;pri;3;pril3-2;14,4
sta.lu;pri;3;pril3-2;14,2
sta.lu;pri;3;pril3-2;14,6
sta.lu;pri;3;pril3-2;14
sta.lu;pri;3;pril3-2;14,75
sta.lu;pri;3;pril3-2;14,7
sta.lu;pri;3;pril3-2;14,9
sta.lu;pri;3;pril3-2;14
sta.lu;pri;3;pril3-2;14,85
sta.lu;pri;3;pril3-2;13,7
sta.lu;pri;3;pril3-3;14,4
sta.lu;pri;3;pril3-3;13,6
sta.lu;pri;3;pril3-3;15,6
sta.lu;pri;3;pril3-3;16
sta.lu;pri;3;pril3-3;16,9
sta.lu;pri;3;pril3-3;12,95
sta.lu;pri;3;pril3-3;17,1
sta.lu;pri;3;pril3-3;16,2
sta.lu;pri;3;pril3-3;13,85
sta.lu;pri;3;pril3-3;14,3
sta.lu;pri;3;pril3-4;15,05
sta.lu;pri;3;pril3-4;15,3
sta.lu;pri;3;pril3-4;14,6
sta.lu;pri;3;pril3-4;15,85
sta.lu;pri;3;pril3-4;14,5
sta.lu;pri;3;pril3-4;15,2
sta.lu;pri;3;pril3-4;14,75
sta.lu;pri;3;pril3-4;14,4
sta.lu;pri;3;pril3-4;14,2
sta.lu;pri;3;pril3-4;14,8
TDB;pri;2;pril2-7;14
TDB;pri;2;pril2-7;15,1
TDB;pri;2;pril2-7;15
TDB;pri;2;pril2-7;16,1
TDB;pri;2;pril2-7;16,9
TDB;pri;2;pril2-7;16
TDB;pri;2;pril2-7;15,25
TDB;pri;2;pril2-7;14,3
TDB;pri;2;pril2-7;13,6
TDB;pri;2;pril2-7;14,65
TDB;pri;2;pril2-7;14,4
TDB;pri;2;pril2-7;13,45
TDB;pri;2;pril2-6;14,7
TDB;pri;2;pril2-6;17,8
TDB;pri;2;pril2-6;15
TDB;pri;2;pril2-6;15,55
TDB;pri;2;pril2-6;13,7
TDB;pri;2;pril2-6;15,3
TDB;pri;2;pril2-6;14,4
TDB;pri;2;pril2-6;13,85
TDB;pri;2;pril2-6;13,8
TDB;pri;2;pril2-6;13,25
TDB;pri;2;pril2-6;12,1
TDB;pri;2;pril2-6;13,1
TDB;pri;2;pril2-6;14,5
TDB;pri;2;pril2-6;13,9
TDB;pri;2;pril2-5;17,6
TDB;pri;2;pril2-5;14,35
TDB;pri;2;pril2-5;17,6
TDB;pri;2;pril2-5;14,13
TDB;pri;2;pril2-5;13,95
TDB;pri;2;pril2-5;15
TDB;pri;2;pril2-5;12,9
TDB;pri;2;pril2-5;13,8
TDB;pri;2;pril2-5;11,95
TDB;pri;2;pril2-5;16,6
TDB;pri;2;pril2-5;13,95
TDB;pri;2;pril2-5;15
TDB;pri;2;pril2-5;12,7
TDB;pri;2;pril2-5;12,45
TDB;pri;2;pril2-5;13,6
TDB;pri;2;pril2-4;17,05
TDB;pri;2;pril2-4;15,65
TDB;pri;2;pril2-4;19,8
TDB;pri;2;pril2-4;16
TDB;pri;2;pril2-4;16,85
TDB;pri;2;pril2-4;15
TDB;pri;2;pril2-4;14,2
TDB;pri;2;pril2-4;13
TDB;pri;2;pril2-4;14,2
TDB;pri;2;pril2-4;15,25
TDB;pri;2;pril2-4;13,14
TDB;pri;2;pril2-4;17
TDB;pri;2;pril2-4;16,2
TDB;pri;2;pril2-3;14,75
TDB;pri;2;pril2-3;18,4
TDB;pri;2;pril2-3;15,95
TDB;pri;2;pril2-3;17
TDB;pri;2;pril2-3;15,55
TDB;pri;2;pril2-3;14,7
TDB;pri;2;pril2-3;15,5
TDB;pri;2;pril2-3;15,8
TDB;pri;2;pril2-3;13,8
TDB;pri;2;pril2-3;14,5
TDB;pri;2;pril2-3;13,6
TDB;pri;2;pril2-3;14,3
TDB;pri;2;pril2-3;13
TDB;pri;2;pril2-2;14,55
TDB;pri;2;pril2-2;16,15
TDB;pri;2;pril2-2;14,9
TDB;pri;2;pril2-2;14,8
TDB;pri;2;pril2-2;14,65
TDB;pri;2;pril2-2;12,7
TDB;pri;2;pril2-2;15
TDB;pri;2;pril2-2;13,05
TDB;pri;2;pril2-2;12,5
TDB;pri;2;pril2-2;14
TDB;pri;2;pril2-2;16
TDB;pri;2;pril2-2;16,6
TDB;pri;2;pril2-2;14,6
TDB;pri;2;pril2-2;13,6
TDB;pri;2;pril2-2;11,9
TDB;pri;2;pril2-2;11,3
TDB;pri;2;pril2-2;11,65
TDB;pri;2;pril2-1;14,05
TDB;pri;2;pril2-1;12,5
TDB;pri;2;pril2-1;16,55
TDB;pri;2;pril2-1;13,6
TDB;pri;2;pril2-1;12,6
TDB;pri;2;pril2-1;15,2
TDB;pri;2;pril2-1;12,2
TDB;pri;2;pril2-1;15,95
TDB;pri;2;pril2-1;13,6
TDB;pri;2;pril2-1;15,5
TDB;pri;2;pril2-1;17,2
TDB;pri;2;pril2-1;13,7
TDB;pri;2;pril2-1;12,6
TDB;pri;3;pril3-7;17,65
TDB;pri;3;pril3-7;15,95
TDB;pri;3;pril3-7;14,15
TDB;pri;3;pril3-7;15,4
TDB;pri;3;pril3-7;13,8
TDB;pri;3;pril3-7;15,8
TDB;pri;3;pril3-7;15,65
TDB;pri;3;pril3-7;16
TDB;pri;3;pril3-7;12,7
TDB;pri;3;pril3-7;12,4
TDB;pri;3;pril3-7;15,05
TDB;pri;3;pril3-7;16,7
TDB;pri;3;pril3-7;12,4
TDB;pri;3;pril3-7;14,4
TDB;pri;3;pril3-7;12,85
TDB;pri;3;pril3-7;13,3
TDB;pri;3;pril3-7;14,7
TDB;pri;3;pril3-7;14,95
TDB;pri;3;pril3-7;13,7
TDB;pri;3;pril3-1;15,2
TDB;pri;3;pril3-1;10,9
TDB;pri;3;pril3-1;12,2
TDB;pri;3;pril3-1;10,4
TDB;pri;3;pril3-1;11,85
TDB;pri;3;pril3-1;13,85
TDB;pri;3;pril3-1;14,15
TDB;pri;3;pril3-1;12,5
TDB;pri;3;pril3-1;13,7
TDB;pri;3;pril3-1;13,8
TDB;pri;3;pril3-1;13,3
TDB;pri;3;pril3-1;15,4
TDB;pri;3;pril3-1;11,65
TDB;pri;3;pril3-1;11,15
TDB;pri;3;pril3-6;17,05
TDB;pri;3;pril3-6;15,2
TDB;pri;3;pril3-6;14,8
TDB;pri;3;pril3-6;15,3
TDB;pri;3;pril3-6;12,6
TDB;pri;3;pril3-6;18,1
TDB;pri;3;pril3-6;15,85
TDB;pri;3;pril3-6;16
TDB;pri;3;pril3-6;13,1
TDB;pri;3;pril3-6;13,6
TDB;pri;3;pril3-6;12,95
TDB;pri;3;pril3-6;12,6
TDB;pri;3;pril3-6;17,1
TDB;pri;3;pril3-6;12
TDB;pri;3;pril3-6;11,8
TDB;pri;3;pril3-6;15,2
TDB;pri;3;pril3-6;14,3
TDB;pri;3;pril3-6;13
TDB;pri;3;pril3-6;16,1
TDB;pri;3;pril3-6;14,95
TDB;pri;3;pril3-6;12,2
TDB;pri;3;pril3-6;13,7
TDB;pri;3;pril3-5;15,55
TDB;pri;3;pril3-5;15,1
TDB;pri;3;pril3-5;15,9
TDB;pri;3;pril3-5;15,3
TDB;pri;3;pril3-5;13
TDB;pri;3;pril3-5;15,3
TDB;pri;3;pril3-5;18,2
TDB;pri;3;pril3-5;16,2
TDB;pri;3;pril3-5;15,3
TDB;pri;3;pril3-5;12
TDB;pri;3;pril3-5;14,2
TDB;pri;3;pril3-5;15,2
TDB;pri;3;pril3-5;14,5
TDB;pri;3;pril3-5;14,8
TDB;pri;3;pril3-5;14,55
TDB;pri;3;pril3-5;13,6
TDB;pri;3;pril3-2;13,1
TDB;pri;3;pril3-2;14,6
TDB;pri;3;pril3-2;15,65
TDB;pri;3;pril3-2;17,15
TDB;pri;3;pril3-2;13,45
TDB;pri;3;pril3-2;13,45
TDB;pri;3;pril3-2;14,85
TDB;pri;3;pril3-2;13,45
TDB;pri;3;pril3-2;12,9
TDB;pri;3;pril3-2;14,8
TDB;pri;3;pril3-2;12,8
TDB;pri;3;pril3-2;15
TDB;pri;3;pril3-2;13,8
TDB;pri;3;pril3-2;14,5
TDB;pri;3;pril3-2;13
TDB;pri;3;pril3-2;12,4
TDB;pri;3;pril3-3;16,5
TDB;pri;3;pril3-3;16,25
TDB;pri;3;pril3-3;16,85
TDB;pri;3;pril3-3;16,45
TDB;pri;3;pril3-3;15,25
TDB;pri;3;pril3-3;15
TDB;pri;3;pril3-3;17,85
TDB;pri;3;pril3-3;15,6
TDB;pri;3;pril3-3;16,2
TDB;pri;3;pril3-3;16,45
TDB;pri;3;pril3-3;14
TDB;pri;3;pril3-3;16,8
TDB;pri;3;pril3-3;15,1
TDB;pri;3;pril3-3;12,4
TDB;pri;3;pril3-3;12,4
TDB;pri;3;pril3-3;14
TDB;pri;3;pril3-4;13,6
TDB;pri;3;pril3-4;15
TDB;pri;3;pril3-4;15,5
TDB;pri;3;pril3-4;16,3
TDB;pri;3;pril3-4;13,1
TDB;pri;3;pril3-4;12,9
TDB;pri;3;pril3-4;13,7
TDB;pri;3;pril3-4;15,4
TDB;pri;3;pril3-4;12,6
TDB;pri;3;pril3-4;12,15
TDB;pri;3;pril3-4;13,75
TDB;pri;3;pril3-4;13,85
TDB;pri;3;pril3-4;16,15
TDB;pri;3;pril3-4;10,7
TDB;pri;3;pril3-4;15,05
TDB;pri;3;pril3-4;14,1
sta.lu;pri;2;pril2-6;13,8
sta.lu;pri;2;pril2-6;14,1
sta.lu;pri;2;pril2-6;12,8
sta.lu;pri;2;pril2-6;14,5
sta.lu;pri;2;pril2-6;15,2
sta.lu;pri;2;pril2-6;15,1
sta.lu;pri;2;pril2-6;15,2
sta.lu;pri;2;pril2-6;14,3
sta.lu;pri;2;pril2-6;14,3
sta.lu;pri;2;pril2-6;13,8
sta.lu;pri;2;pril2-7;13,8
sta.lu;pri;2;pril2-7;13,5
sta.lu;pri;2;pril2-7;16
sta.lu;pri;2;pril2-7;15,2
sta.lu;pri;2;pril2-7;14,6
sta.lu;pri;2;pril2-7;13,1
sta.lu;pri;2;pril2-7;13,8
sta.lu;pri;2;pril2-7;14,3
sta.lu;pri;2;pril2-7;13,4
sta.lu;pri;2;pril2-7;13,2
sta.lu;pri;2;pril2-4;13,3
sta.lu;pri;2;pril2-4;12,6
sta.lu;pri;2;pril2-4;13,3
sta.lu;pri;2;pril2-4;12,2
sta.lu;pri;2;pril2-4;11,8
sta.lu;pri;2;pril2-4;13,2
sta.lu;pri;2;pril2-4;12,9
sta.lu;pri;2;pril2-4;12,6
sta.lu;pri;2;pril2-4;11,5
sta.lu;pri;2;pril2-4;11,5
sta.lu;pri;2;pril2-5;16,1
sta.lu;pri;2;pril2-5;15,1
sta.lu;pri;2;pril2-5;15,6
sta.lu;pri;2;pril2-5;14,5
sta.lu;pri;2;pril2-5;15,5
sta.lu;pri;2;pril2-5;14,1
sta.lu;pri;2;pril2-5;15,5
sta.lu;pri;2;pril2-5;12,3
sta.lu;pri;2;pril2-5;14,16
sta.lu;pri;2;pril2-5;11,8
sta.lu;pri;2;pril2-2;13,1
sta.lu;pri;2;pril2-2;14,5
sta.lu;pri;2;pril2-2;14,2
sta.lu;pri;2;pril2-2;13,2
sta.lu;pri;2;pril2-2;15,6
sta.lu;pri;2;pril2-2;16,4
sta.lu;pri;2;pril2-2;17,1
sta.lu;pri;2;pril2-2;15,9
sta.lu;pri;2;pril2-2;13,5
sta.lu;pri;2;pril2-2;13,9
sta.lu;pri;2;pril2-3;18,5
sta.lu;pri;2;pril2-3;14,7
sta.lu;pri;2;pril2-3;13,6
sta.lu;pri;2;pril2-3;15,3
sta.lu;pri;2;pril2-3;15,9
sta.lu;pri;2;pril2-3;14,3
sta.lu;pri;2;pril2-3;14,8
sta.lu;pri;2;pril2-3;14,7
sta.lu;pri;2;pril2-3;14,7
sta.lu;pri;2;pril2-3;13,2
sta.lu;pri;2;pril2-1;14
sta.lu;pri;2;pril2-1;14,9
sta.lu;pri;2;pril2-1;14
sta.lu;pri;2;pril2-1;14,9
sta.lu;pri;2;pril2-1;14,9
sta.lu;pri;2;pril2-1;15,6
sta.lu;pri;2;pril2-1;16,5
sta.lu;pri;2;pril2-1;14,9
sta.lu;pri;2;pril2-1;15
sta.lu;pri;2;pril2-1;14,8
sta.lu;pri;1;pril1-1;13,3
sta.lu;pri;1;pril1-1;12,3
sta.lu;pri;1;pril1-1;12,2
sta.lu;pri;1;pril1-1;13,2
sta.lu;pri;1;pril1-1;13
sta.lu;pri;1;pril1-1;13,4
sta.lu;pri;1;pril1-1;12,3
sta.lu;pri;1;pril1-1;12,7
sta.lu;pri;1;pril1-1;13,2
sta.lu;pri;1;pril1-1;12,6
sta.lu;pri;1;pril1-2;15,6
sta.lu;pri;1;pril1-2;13,1
sta.lu;pri;1;pril1-2;14,3
sta.lu;pri;1;pril1-2;13,2
sta.lu;pri;1;pril1-2;14,7
sta.lu;pri;1;pril1-2;13,6
sta.lu;pri;1;pril1-2;13,9
sta.lu;pri;1;pril1-2;11,9
sta.lu;pri;1;pril1-2;13,2
sta.lu;pri;1;pril1-2;13,9
sta.lu;pri;1;pril1-3;13,2
sta.lu;pri;1;pril1-3;14,1
sta.lu;pri;1;pril1-3;12,5
sta.lu;pri;1;pril1-3;11,9
sta.lu;pri;1;pril1-3;12,1
sta.lu;pri;1;pril1-3;11,4
sta.lu;pri;1;pril1-3;15
sta.lu;pri;1;pril1-3;12,7
sta.lu;pri;1;pril1-3;12,1
sta.lu;pri;1;pril1-3;12,3
sta.lu;pri;1;pril1-4;14,6
sta.lu;pri;1;pril1-4;13,6
sta.lu;pri;1;pril1-4;12,9
sta.lu;pri;1;pril1-4;10,7
sta.lu;pri;1;pril1-4;11,5
sta.lu;pri;1;pril1-4;11,8
sta.lu;pri;1;pril1-4;12,8
sta.lu;pri;1;pril1-4;11,3
sta.lu;pri;1;pril1-4;11
sta.lu;pri;1;pril1-4;10,7
sta.lu;pri;1;pril1-5;14,9
sta.lu;pri;1;pril1-5;13,9
sta.lu;pri;1;pril1-5;13,6
sta.lu;pri;1;pril1-5;13,1
sta.lu;pri;1;pril1-5;14,3
sta.lu;pri;1;pril1-5;12,9
sta.lu;pri;1;pril1-5;14,4
sta.lu;pri;1;pril1-5;13,6
sta.lu;pri;1;pril1-5;13,1
sta.lu;pri;1;pril1-5;12,1
sta.lu;pri;1;pril1-7;14,3
sta.lu;pri;1;pril1-7;12,7
sta.lu;pri;1;pril1-7;11,7
sta.lu;pri;1;pril1-7;10,8
sta.lu;pri;1;pril1-7;12,5
sta.lu;pri;1;pril1-7;9,8
sta.lu;pri;1;pril1-7;10,2
sta.lu;pri;1;pril1-7;12,7
sta.lu;pri;1;pril1-7;12,9
sta.lu;pri;1;pril1-7;12,2
sta.lu;pri;1;pril1-6;11,5
sta.lu;pri;1;pril1-6;11
sta.lu;pri;1;pril1-6;13,6
sta.lu;pri;1;pril1-6;11,8
sta.lu;pri;1;pril1-6;10,3
sta.lu;pri;1;pril1-6;11,4
sta.lu;pri;1;pril1-6;14,1
sta.lu;pri;1;pril1-6;12,1
sta.lu;pri;1;pril1-6;11,9
sta.lu;pri;1;pril1-6;10,9
citro;pri;3;pril3-1;14,65
citro;pri;3;pril3-1;16,65
citro;pri;3;pril3-1;12,95
citro;pri;3;pril3-1;14,05
citro;pri;3;pril3-1;13,2
citro;pri;3;pril3-1;16,35
citro;pri;3;pril3-1;14,6
citro;pri;3;pril3-1;14,2
citro;pri;3;pril3-1;14,35
citro;pri;3;pril3-1;12,75
citro;pri;3;pril3-3;17,5
citro;pri;3;pril3-3;16
citro;pri;3;pril3-3;16,3
citro;pri;3;pril3-3;15
citro;pri;3;pril3-3;17,2
citro;pri;3;pril3-3;16,2
citro;pri;3;pril3-3;15,8
citro;pri;3;pril3-3;14,75
citro;pri;3;pril3-3;15,4
citro;pri;3;pril3-3;15,65
citro;pri;3;pril3-2;15,95
citro;pri;3;pril3-2;17
citro;pri;3;pril3-2;17,14
citro;pri;3;pril3-2;16,05
citro;pri;3;pril3-2;17,8
citro;pri;3;pril3-2;15,35
citro;pri;3;pril3-2;15,6
citro;pri;3;pril3-2;16,7
citro;pri;3;pril3-2;16,5
citro;pri;3;pril3-2;13,45
citro;pri;3;pril3-5;16
citro;pri;3;pril3-5;13,4
citro;pri;3;pril3-5;16,8
citro;pri;3;pril3-5;16,9
citro;pri;3;pril3-5;15
citro;pri;3;pril3-5;14,6
citro;pri;3;pril3-5;15,4
citro;pri;3;pril3-5;14,6
citro;pri;3;pril3-5;15,9
citro;pri;3;pril3-5;14,2
citro;pri;3;pril3-4;12,7
citro;pri;3;pril3-4;14,3
citro;pri;3;pril3-4;15,5
citro;pri;3;pril3-4;15
citro;pri;3;pril3-4;13,75
citro;pri;3;pril3-4;14,05
citro;pri;3;pril3-4;15,55
citro;pri;3;pril3-4;14,6
citro;pri;3;pril3-4;14,3
citro;pri;3;pril3-4;13,95
citro;pri;3;pril3-7;15,8
citro;pri;3;pril3-7;14,45
citro;pri;3;pril3-7;14,8
citro;pri;3;pril3-7;15,7
citro;pri;3;pril3-7;13,25
citro;pri;3;pril3-7;13,85
citro;pri;3;pril3-7;15,35
citro;pri;3;pril3-7;13,1
citro;pri;3;pril3-7;14
citro;pri;3;pril3-7;13,55
citro;pri;3;pril3-6;15
citro;pri;3;pril3-6;15,15
citro;pri;3;pril3-6;14,05
citro;pri;3;pril3-6;14,95
citro;pri;3;pril3-6;15,45
citro;pri;3;pril3-6;15,5
citro;pri;3;pril3-6;14,55
citro;pri;3;pril3-6;12,95
citro;pri;3;pril3-6;12,25
citro;pri;4;pril4-2;14,75
citro;pri;4;pril4-2;16,2
citro;pri;4;pril4-2;14,5
citro;pri;4;pril4-2;15,2
citro;pri;4;pril4-2;17,5
citro;pri;4;pril4-2;16,3
citro;pri;4;pril4-2;14,85
citro;pri;4;pril4-2;15,2
citro;pri;4;pril4-2;16,7
citro;pri;4;pril4-2;14,3
citro;pri;4;pril4-1;18,2
citro;pri;4;pril4-1;14,4
citro;pri;4;pril4-1;14,7
citro;pri;4;pril4-1;17,15
citro;pri;4;pril4-1;14,15
citro;pri;4;pril4-1;15,1
citro;pri;4;pril4-1;15,6
citro;pri;4;pril4-1;14,1
citro;pri;4;pril4-1;16,5
citro;pri;4;pril4-1;13,35
citro;pri;4;pril4-4;14,85
citro;pri;4;pril4-4;17,8
citro;pri;4;pril4-4;17
citro;pri;4;pril4-4;17,9
citro;pri;4;pril4-4;16,1
citro;pri;4;pril4-4;17,45
citro;pri;4;pril4-4;15
citro;pri;4;pril4-4;16,6
citro;pri;4;pril4-4;13,1
citro;pri;4;pril4-4;15,6
citro;pri;4;pril4-3;18,9
citro;pri;4;pril4-3;18,9
citro;pri;4;pril4-3;16
citro;pri;4;pril4-3;14,9
citro;pri;4;pril4-3;15,1
citro;pri;4;pril4-3;15,5
citro;pri;4;pril4-3;15,85
citro;pri;4;pril4-3;17,2
citro;pri;4;pril4-3;15,8
citro;pri;4;pril4-3;15,85
citro;pri;4;pril4-6;16,8
citro;pri;4;pril4-6;16,4
citro;pri;4;pril4-6;15,95
citro;pri;4;pril4-6;17,6
citro;pri;4;pril4-6;15,6
citro;pri;4;pril4-6;14,5
citro;pri;4;pril4-6;16,9
citro;pri;4;pril4-6;14,4
citro;pri;4;pril4-6;14,3
citro;pri;4;pril4-6;14,1
citro;pri;4;pril4-7;16,9
citro;pri;4;pril4-7;15,7
citro;pri;4;pril4-7;16,9
citro;pri;4;pril4-7;17
citro;pri;4;pril4-7;15,9
citro;pri;4;pril4-7;14,5
citro;pri;4;pril4-7;16,25
citro;pri;4;pril4-7;15,4
citro;pri;4;pril4-7;16,05
citro;pri;4;pril4-7;14,5
citro;pri;4;pril4-5;19,45
citro;pri;4;pril4-5;16,75
citro;pri;4;pril4-5;17,9
citro;pri;4;pril4-5;16,75
citro;pri;4;pril4-5;14,2
citro;pri;4;pril4-5;15,15
citro;pri;4;pril4-5;18,4
citro;pri;4;pril4-5;18,75
citro;pri;4;pril4-5;14,3
citro;pri;4;pril4-5;16,75
TDA;pri;1;pril1-6;12,1
TDA;pri;1;pril1-6;12,55
TDA;pri;1;pril1-6;12,75
TDA;pri;1;pril1-6;11,95
TDA;pri;1;pril1-6;13
TDA;pri;1;pril1-6;12,5
TDA;pri;1;pril1-6;11,45
TDA;pri;1;pril1-6;12,1
TDA;pri;1;pril1-6;13,05
TDA;pri;1;pril1-6;12,2
TDA;pri;1;pril1-6;12,35
TDA;pri;1;pril1-6;12,5
TDA;pri;1;pril1-6;13
TDA;pri;1;pril1-6;12,45
TDA;pri;1;pril1-6;14,05
TDA;pri;1;pril1-2;12,85
TDA;pri;1;pril1-2;13,75
TDA;pri;1;pril1-2;15,45
TDA;pri;1;pril1-2;13,9
TDA;pri;1;pril1-2;15,25
TDA;pri;1;pril1-2;13,85
TDA;pri;1;pril1-2;16,95
TDA;pri;1;pril1-2;12,4
TDA;pri;1;pril1-2;16
TDA;pri;1;pril1-2;16,4
TDA;pri;1;pril1-2;13,25
TDA;pri;1;pril1-2;14
TDA;pri;1;pril1-2;16,3
TDA;pri;1;pril1-2;13,25
TDA;pri;1;pril1-3;14,85
TDA;pri;1;pril1-3;16,2
TDA;pri;1;pril1-3;13
TDA;pri;1;pril1-3;14,6
TDA;pri;1;pril1-3;14,2
TDA;pri;1;pril1-3;14
TDA;pri;1;pril1-3;15,75
TDA;pri;1;pril1-3;11,45
TDA;pri;1;pril1-3;13,85
TDA;pri;1;pril1-3;15,5
TDA;pri;1;pril1-3;15,35
TDA;pri;1;pril1-3;13,2
TDA;pri;1;pril1-3;13,5
TDA;pri;1;pril1-3;14,6
TDA;pri;1;pril1-3;14,4
TDA;pri;1;pril1-3;12,35
TDA;pri;1;pril1-3;12,6
TDA;pri;1;pril1-1;14,95
TDA;pri;1;pril1-1;13,65
TDA;pri;1;pril1-1;14,2
TDA;pri;1;pril1-1;12,65
TDA;pri;1;pril1-1;14,35
TDA;pri;1;pril1-1;12,85
TDA;pri;1;pril1-1;14,4
TDA;pri;1;pril1-1;14,55
TDA;pri;1;pril1-1;14,45
TDA;pri;1;pril1-1;12,9
TDA;pri;1;pril1-1;13,85
TDA;pri;1;pril1-1;14,15
TDA;pri;1;pril1-1;14,75
TDA;pri;1;pril1-1;14,15
TDA;pri;1;pril1-1;13,8
TDA;pri;1;pril1-1;12,65
TDA;pri;1;pril1-1;12,75
TDA;pri;1;pril1-1;14,15
TDA;pri;1;pril1-1;13,6
TDA;pri;1;pril1-1;13,85
TDA;pri;1;pril1-1;11,3
TDA;pri;1;pril1-1;12,8
TDA;pri;1;pril1-1;13,05
TDA;pri;1;pril1-1;11,8
TDA;pri;1;pril1-1;11,7
TDA;pri;1;pril1-1;12,1
TDA;pri;1;pril1-5;16,05
TDA;pri;1;pril1-5;13,35
TDA;pri;1;pril1-5;15,75
TDA;pri;1;pril1-5;15
TDA;pri;1;pril1-5;14,2
TDA;pri;1;pril1-5;13,25
TDA;pri;1;pril1-5;16,2
TDA;pri;1;pril1-5;13,65
TDA;pri;1;pril1-5;16
TDA;pri;1;pril1-5;13,85
TDA;pri;1;pril1-5;15,05
TDA;pri;1;pril1-5;12,95
TDA;pri;1;pril1-5;11,5
TDA;pri;1;pril1-5;15
TDA;pri;1;pril1-5;13,7
TDA;pri;1;pril1-5;10,65
TDA;pri;1;pril1-5;13,5
TDA;pri;1;pril1-5;15,2
TDA;pri;1;pril1-5;13,6
TDA;pri;1;pril1-5;15,1
TDA;pri;1;pril1-5;13,05
TDA;pri;1;pril1-5;11,6
TDA;pri;1;pril1-4;13,3
TDA;pri;1;pril1-4;13,35
TDA;pri;1;pril1-4;14,2
TDA;pri;1;pril1-4;14,25
TDA;pri;1;pril1-4;14,1
TDA;pri;1;pril1-4;13,2
TDA;pri;1;pril1-4;12,6
TDA;pri;1;pril1-4;13,5
TDA;pri;1;pril1-4;12,45
TDA;pri;1;pril1-4;14,2
TDA;pri;1;pril1-4;13,3
TDA;pri;1;pril1-4;14,45
TDA;pri;1;pril1-4;14,25
TDA;pri;1;pril1-4;12,85
TDA;pri;1;pril1-4;13,6
TDA;pri;1;pril1-4;14,1
TDA;pri;1;pril1-4;11,85
TDA;pri;1;pril1-4;13,6
TDA;pri;1;pril1-4;12,4
TDA;pri;1;pril1-7;14,8
TDA;pri;1;pril1-7;15,55
TDA;pri;1;pril1-7;16,65
TDA;pri;1;pril1-7;15,5
TDA;pri;1;pril1-7;14,8
TDA;pri;1;pril1-7;12,15
TDA;pri;1;pril1-7;14,4
TDA;pri;1;pril1-7;15,55
TDA;pri;1;pril1-7;17
TDA;pri;1;pril1-7;16,1
TDA;pri;1;pril1-7;15,6
TDA;pri;1;pril1-7;15,8
TDA;pri;1;pril1-7;15,75
TDA;pri;1;pril1-7;15,05
TDA;pri;1;pril1-7;13,9
TDA;pri;1;pril1-7;14,6
TDA;pri;1;pril1-7;12,5
TDB;pri;5;pril5-7;19,2
TDB;pri;5;pril5-7;16,95
TDB;pri;5;pril5-7;13,7
TDB;pri;5;pril5-7;13,45
TDB;pri;5;pril5-7;14,45
TDB;pri;5;pril5-7;14,45
TDB;pri;5;pril5-7;16,15
TDB;pri;5;pril5-7;15,05
TDB;pri;5;pril5-7;16,7
TDB;pri;5;pril5-7;14
TDB;pri;5;pril5-7;15,5
TDB;pri;5;pril5-7;14,15
TDB;pri;5;pril5-7;16,3
TDB;pri;5;pril5-7;12,5
TDB;pri;5;pril5-7;13
TDB;pri;5;pril5-7;13,1
TDB;pri;5;pril5-7;15,1
TDB;pri;5;pril5-7;16,65
TDB;pri;5;pril5-7;15,4
TDB;pri;5;pril5-6;14,1
TDB;pri;5;pril5-6;15,3
TDB;pri;5;pril5-6;13,5
TDB;pri;5;pril5-6;11,5
TDB;pri;5;pril5-6;14,55
TDB;pri;5;pril5-6;13,7
TDB;pri;5;pril5-6;14,45
TDB;pri;5;pril5-6;13,5
TDB;pri;5;pril5-6;13,3
TDB;pri;5;pril5-6;16,05
TDB;pri;5;pril5-6;13,7
TDB;pri;5;pril5-6;12,75
TDB;pri;5;pril5-6;13,75
TDB;pri;5;pril5-6;13,6
TDB;pri;5;pril5-6;12,75
TDB;pri;5;pril5-6;10,15
TDB;pri;5;pril5-6;13,7
TDB;pri;5;pril5-6;10,75
TDB;pri;5;pril5-6;14,95
TDB;pri;5;pril5-6;12,7
TDB;pri;5;pril5-6;14,5
TDB;pri;5;pril5-6;14
TDB;pri;5;pril5-6;12,4
TDB;pri;5;pril5-6;10,8
TDB;pri;5;pril5-5;13,6
TDB;pri;5;pril5-5;14,1
TDB;pri;5;pril5-5;10,1
TDB;pri;5;pril5-5;12,6
TDB;pri;5;pril5-5;12,6
TDB;pri;5;pril5-5;12,5
TDB;pri;5;pril5-5;11,45
TDB;pri;5;pril5-5;13
TDB;pri;5;pril5-5;12,8
TDB;pri;5;pril5-5;13,45
TDB;pri;5;pril5-5;11,95
TDB;pri;5;pril5-5;12,25
TDB;pri;5;pril5-5;11,95
TDB;pri;5;pril5-5;11,6
TDB;pri;5;pril5-5;11,25
TDB;pri;5;pril5-5;11,1
TDB;pri;5;pril5-5;10,1
TDB;pri;5;pril5-4;14,4
TDB;pri;5;pril5-4;13,95
TDB;pri;5;pril5-4;13,55
TDB;pri;5;pril5-4;14,2
TDB;pri;5;pril5-4;12,6
TDB;pri;5;pril5-4;13,2
TDB;pri;5;pril5-4;12,55
TDB;pri;5;pril5-4;12,5
TDB;pri;5;pril5-4;13,75
TDB;pri;5;pril5-4;14,65
TDB;pri;5;pril5-4;10,35
TDB;pri;5;pril5-4;12,95
TDB;pri;5;pril5-4;10,95
TDB;pri;5;pril5-4;14,4
TDB;pri;5;pril5-4;13
TDB;pri;5;pril5-4;12,45
TDB;pri;5;pril5-4;13
TDB;pri;5;pril5-4;13,25
TDB;pri;5;pril5-4;12,25
TDB;pri;5;pril5-1;12,6
TDB;pri;5;pril5-1;15,3
TDB;pri;5;pril5-1;14
TDB;pri;5;pril5-1;15,1
TDB;pri;5;pril5-1;10,9
TDB;pri;5;pril5-1;13,2
TDB;pri;5;pril5-1;12,45
TDB;pri;5;pril5-1;12,4
TDB;pri;5;pril5-1;12,65
TDB;pri;5;pril5-1;15,65
TDB;pri;5;pril5-1;13,45
TDB;pri;5;pril5-1;11,85
TDB;pri;5;pril5-1;14,5
TDB;pri;5;pril5-1;15,2
TDB;pri;5;pril5-1;14,65
TDB;pri;5;pril5-1;14
TDB;pri;5;pril5-1;15,65
TDB;pri;5;pril5-1;11,9
TDB;pri;5;pril5-2;16,1
TDB;pri;5;pril5-2;15,5
TDB;pri;5;pril5-2;16,05
TDB;pri;5;pril5-2;15,9
TDB;pri;5;pril5-2;13,45
TDB;pri;5;pril5-2;13,9
TDB;pri;5;pril5-2;14,55
TDB;pri;5;pril5-2;14,25
TDB;pri;5;pril5-2;13,4
TDB;pri;5;pril5-2;14,9
TDB;pri;5;pril5-2;14,75
TDB;pri;5;pril5-2;14,15
TDB;pri;5;pril5-2;14,4
TDB;pri;5;pril5-2;15,8
TDB;pri;5;pril5-2;14,15
TDB;pri;5;pril5-2;15,25
TDB;pri;5;pril5-2;12,5
TDB;pri;5;pril5-2;13,2
TDB;pri;5;pril5-2;12,2
TDB;pri;5;pril5-3;11,7
TDB;pri;5;pril5-3;16,35
TDB;pri;5;pril5-3;13,2
TDB;pri;5;pril5-3;14,9
TDB;pri;5;pril5-3;15
TDB;pri;5;pril5-3;14,25
TDB;pri;5;pril5-3;13,95
TDB;pri;5;pril5-3;10,45
TDB;pri;5;pril5-3;15,15
TDB;pri;5;pril5-3;12,95
TDB;pri;5;pril5-3;13,1
TDB;pri;5;pril5-3;13,95
TDB;pri;5;pril5-3;12,15
TDB;pri;5;pril5-3;14,55
TDB;pri;5;pril5-3;15,65
TDB;pri;5;pril5-3;11,25
TDB;pri;5;pril5-3;14,35
TDB;pri;5;pril5-3;15,4
TDB;pri;5;pril5-3;11,45
TDB;pri;5;pril5-3;11,4
TDB;pri;1;pril1-7;12,35
TDB;pri;1;pril1-7;15,15
TDB;pri;1;pril1-7;15
TDB;pri;1;pril1-7;14
TDB;pri;1;pril1-7;14,2
TDB;pri;1;pril1-7;14,15
TDB;pri;1;pril1-7;16,05
TDB;pri;1;pril1-7;16
TDB;pri;1;pril1-7;14,75
TDB;pri;1;pril1-7;15,7
TDB;pri;1;pril1-7;13,1
TDB;pri;1;pril1-7;15,9
TDB;pri;1;pril1-7;13,4
TDB;pri;1;pril1-1;11,75
TDB;pri;1;pril1-1;16,3
TDB;pri;1;pril1-1;13,4
TDB;pri;1;pril1-1;13,55
TDB;pri;1;pril1-1;13,7
TDB;pri;1;pril1-1;10,65
TDB;pri;1;pril1-1;14,3
TDB;pri;1;pril1-1;13,45
TDB;pri;1;pril1-1;15,25
TDB;pri;1;pril1-1;14,55
TDB;pri;1;pril1-1;15
TDB;pri;1;pril1-1;13,35
TDB;pri;1;pril1-1;11,3
TDB;pri;1;pril1-6;16,8
TDB;pri;1;pril1-6;14,95
TDB;pri;1;pril1-6;16,75
TDB;pri;1;pril1-6;15,7
TDB;pri;1;pril1-6;16,55
TDB;pri;1;pril1-6;12,3
TDB;pri;1;pril1-6;13,7
TDB;pri;1;pril1-6;16,85
TDB;pri;1;pril1-6;15,6
TDB;pri;1;pril1-6;14,8
TDB;pri;1;pril1-6;13,9
TDB;pri;1;pril1-6;14,05
TDB;pri;1;pril1-6;13,35
TDB;pri;1;pril1-6;14,7
TDB;pri;1;pril1-6;12
TDB;pri;1;pril1-5;14,5
TDB;pri;1;pril1-5;14
TDB;pri;1;pril1-5;14,15
TDB;pri;1;pril1-5;11,3
TDB;pri;1;pril1-5;15,1
TDB;pri;1;pril1-5;14,7
TDB;pri;1;pril1-5;16,4
TDB;pri;1;pril1-5;14,05
TDB;pri;1;pril1-5;14,9
TDB;pri;1;pril1-5;14,6
TDB;pri;1;pril1-5;15,1
TDB;pri;1;pril1-5;15,5
TDB;pri;1;pril1-5;13,1
TDB;pri;1;pril1-2;11,9
TDB;pri;1;pril1-2;15
TDB;pri;1;pril1-2;14,7
TDB;pri;1;pril1-2;16,2
TDB;pri;1;pril1-2;14,2
TDB;pri;1;pril1-2;15,9
TDB;pri;1;pril1-2;13,8
TDB;pri;1;pril1-2;14,95
TDB;pri;1;pril1-2;16,1
TDB;pri;1;pril1-2;14,85
TDB;pri;1;pril1-2;15,6
TDB;pri;1;pril1-2;14,8
TDB;pri;1;pril1-4;13,6
TDB;pri;1;pril1-4;16,25
TDB;pri;1;pril1-4;14,75
TDB;pri;1;pril1-4;16,6
TDB;pri;1;pril1-4;14,7
TDB;pri;1;pril1-4;15,6
TDB;pri;1;pril1-4;14,75
TDB;pri;1;pril1-4;13,8
TDB;pri;1;pril1-4;14,35
TDB;pri;1;pril1-4;15,45
TDB;pri;1;pril1-4;14,6
TDB;pri;1;pril1-4;14,8
TDB;pri;1;pril1-4;14,6
TDB;pri;1;pril1-4;12,35
TDB;pri;1;pril1-4;11,45
TDB;pri;1;pril1-3;15,2
TDB;pri;1;pril1-3;15,4
TDB;pri;1;pril1-3;11,9
TDB;pri;1;pril1-3;14,4
TDB;pri;1;pril1-3;14,7
TDB;pri;1;pril1-3;15
TDB;pri;1;pril1-3;11,4
TDB;pri;1;pril1-3;13,15
TDB;pri;1;pril1-3;14,45
TDB;pri;1;pril1-3;15,1
TDB;pri;1;pril1-3;15,35
TDB;pri;1;pril1-3;14,3
citro;pri;2;pril2-1;17,3
citro;pri;2;pril2-1;16,6
citro;pri;2;pril2-1;15,45
citro;pri;2;pril2-1;16
citro;pri;2;pril2-1;16,1
citro;pri;2;pril2-1;13,3
citro;pri;2;pril2-1;15
citro;pri;2;pril2-1;15,4
citro;pri;2;pril2-1;14,65
citro;pri;2;pril2-1;14,9
citro;pri;2;pril2-1;15,55
citro;pri;2;pril2-4;17,55
citro;pri;2;pril2-4;13,7
citro;pri;2;pril2-4;15,75
citro;pri;2;pril2-4;14,2
citro;pri;2;pril2-4;14,8
citro;pri;2;pril2-4;14,05
citro;pri;2;pril2-4;16,1
citro;pri;2;pril2-4;16,5
citro;pri;2;pril2-4;13,3
citro;pri;2;pril2-4;13,55
citro;pri;2;pril2-3;17,4
citro;pri;2;pril2-3;17,55
citro;pri;2;pril2-3;18,9
citro;pri;2;pril2-3;15,8
citro;pri;2;pril2-3;16,3
citro;pri;2;pril2-3;14,6
citro;pri;2;pril2-3;14,7
citro;pri;2;pril2-3;15,9
citro;pri;2;pril2-3;15,45
citro;pri;2;pril2-3;15,05
citro;pri;2;pril2-2;17,35
citro;pri;2;pril2-2;16,45
citro;pri;2;pril2-2;17,25
citro;pri;2;pril2-2;16,35
citro;pri;2;pril2-2;17
citro;pri;2;pril2-2;17,5
citro;pri;2;pril2-2;17,25
citro;pri;2;pril2-2;16,8
citro;pri;2;pril2-2;16,45
citro;pri;2;pril2-2;17,35
citro;pri;2;pril2-5;15,2
citro;pri;2;pril2-5;15,35
citro;pri;2;pril2-5;15
citro;pri;2;pril2-5;15,9
citro;pri;2;pril2-5;15,2
citro;pri;2;pril2-5;13,7
citro;pri;2;pril2-5;15,65
citro;pri;2;pril2-5;13,1
citro;pri;2;pril2-5;12,8
citro;pri;2;pril2-5;12,85
citro;pri;2;pril2-6;14,3
citro;pri;2;pril2-6;14,95
citro;pri;2;pril2-6;14,1
citro;pri;2;pril2-6;15,9
citro;pri;2;pril2-6;16,6
citro;pri;2;pril2-6;13,75
citro;pri;2;pril2-6;15,05
citro;pri;2;pril2-6;16,45
citro;pri;2;pril2-6;14,4
citro;pri;2;pril2-6;15,25
citro;pri;2;pril2-7;13,1
citro;pri;2;pril2-7;15
citro;pri;2;pril2-7;17,2
citro;pri;2;pril2-7;14,6
citro;pri;2;pril2-7;16,55
citro;pri;2;pril2-7;13,25
citro;pri;2;pril2-7;13,65
citro;pri;2;pril2-7;16
citro;pri;2;pril2-7;14,1
citro;pri;2;pril2-7;14,15
citro;pri;2;pril2-7;12,2
TDA;sj;1;sj1-7;15,85
TDA;sj;1;sj1-7;15,2
TDA;sj;1;sj1-7;16,4
TDA;sj;1;sj1-7;16,2
TDA;sj;1;sj1-7;12,2
TDA;sj;1;sj1-7;14,75
TDA;sj;1;sj1-7;15
TDA;sj;1;sj1-7;13,9
TDA;sj;1;sj1-7;15,4
TDA;sj;1;sj1-7;15
TDA;sj;1;sj1-7;13,9
TDA;sj;1;sj1-7;15,45
TDA;sj;1;sj1-7;15,5
TDA;sj;1;sj1-7;14,8
TDA;sj;1;sj1-7;14,75
TDA;sj;1;sj1-7;15
TDA;sj;1;sj1-7;15,4
TDA;sj;1;sj1-7;14
TDA;sj;1;sj1-6;14,3
TDA;sj;1;sj1-6;15,95
TDA;sj;1;sj1-6;14,15
TDA;sj;1;sj1-6;13,25
TDA;sj;1;sj1-6;15
TDA;sj;1;sj1-6;14,3
TDA;sj;1;sj1-6;15,15
TDA;sj;1;sj1-6;14,15
TDA;sj;1;sj1-6;15,2
TDA;sj;1;sj1-6;15,5
TDA;sj;1;sj1-6;14,8
TDA;sj;1;sj1-6;13,2
TDA;sj;1;sj1-6;13,4
TDA;sj;1;sj1-6;15,15
TDA;sj;1;sj1-6;16
TDA;sj;1;sj1-6;15,55
TDA;sj;1;sj1-6;14,1
TDA;sj;1;sj1-6;13,45
TDA;sj;1;sj1-6;12,6
TDA;sj;1;sj1-6;12,9
TDA;sj;1;sj1-6;14,75
TDA;sj;1;sj1-6;13,45
TDA;sj;1;sj1-6;13,75
TDA;sj;1;sj1-6;12,6
TDA;sj;1;sj1-6;14,25
TDA;sj;1;sj1-5;14,35
TDA;sj;1;sj1-5;17,3
TDA;sj;1;sj1-5;14,2
TDA;sj;1;sj1-5;15,45
TDA;sj;1;sj1-5;14,45
TDA;sj;1;sj1-5;18
TDA;sj;1;sj1-5;12,95
TDA;sj;1;sj1-5;14,7
TDA;sj;1;sj1-5;14,1
TDA;sj;1;sj1-5;13,5
TDA;sj;1;sj1-5;13,5
TDA;sj;1;sj1-5;15
TDA;sj;1;sj1-5;13,35
TDA;sj;1;sj1-5;12,95
TDA;sj;1;sj1-5;13
TDA;sj;1;sj1-5;12,9
TDA;sj;1;sj1-5;13,5
TDA;sj;1;sj1-4;15
TDA;sj;1;sj1-4;15,3
TDA;sj;1;sj1-4;14,3
TDA;sj;1;sj1-4;13,65
TDA;sj;1;sj1-4;15,65
TDA;sj;1;sj1-4;13,15
TDA;sj;1;sj1-4;13,75
TDA;sj;1;sj1-4;15,05
TDA;sj;1;sj1-4;16
TDA;sj;1;sj1-4;13,6
TDA;sj;1;sj1-4;13,75
TDA;sj;1;sj1-4;13,75
TDA;sj;1;sj1-4;15,4
TDA;sj;1;sj1-4;12,7
TDA;sj;1;sj1-4;14,1
TDA;sj;1;sj1-4;11,9
TDA;sj;1;sj1-4;14,1
TDA;sj;1;sj1-4;14,3
TDA;sj;1;sj1-4;14,1
TDA;sj;1;sj1-3;15,75
TDA;sj;1;sj1-3;13,8
TDA;sj;1;sj1-3;13,9
TDA;sj;1;sj1-3;14,25
TDA;sj;1;sj1-3;14,3
TDA;sj;1;sj1-3;15,35
TDA;sj;1;sj1-3;14,45
TDA;sj;1;sj1-3;13,65
TDA;sj;1;sj1-3;14,8
TDA;sj;1;sj1-3;15,7
TDA;sj;1;sj1-3;15,2
TDA;sj;1;sj1-3;17,1
TDA;sj;1;sj1-3;16,4
TDA;sj;1;sj1-3;14,95
TDA;sj;1;sj1-3;17,25
TDA;sj;1;sj1-3;14,6
TDA;sj;1;sj1-3;14,3
TDA;sj;1;sj1-3;17,15
TDA;sj;1;sj1-3;16,2
TDA;sj;1;sj1-3;15,8
TDA;sj;1;sj1-3;16
TDA;sj;1;sj1-3;15,1
TDA;sj;1;sj1-3;14,8
TDA;sj;1;sj1-3;14,8
TDA;sj;1;sj1-2;20
TDA;sj;1;sj1-2;16,35
TDA;sj;1;sj1-2;15,95
TDA;sj;1;sj1-2;14,25
TDA;sj;1;sj1-2;15,5
TDA;sj;1;sj1-2;17,3
TDA;sj;1;sj1-2;17,55
TDA;sj;1;sj1-2;17,25
TDA;sj;1;sj1-2;15,75
TDA;sj;1;sj1-2;16,35
TDA;sj;1;sj1-2;18
TDA;sj;1;sj1-2;13,9
TDA;sj;1;sj1-2;15,5
TDA;sj;1;sj1-2;15,7
TDA;sj;1;sj1-2;15,95
TDA;sj;1;sj1-2;16,3
TDA;sj;1;sj1-2;15,5
TDA;sj;1;sj1-1;17,65
TDA;sj;1;sj1-1;14,75
TDA;sj;1;sj1-1;14,5
TDA;sj;1;sj1-1;14,9
TDA;sj;1;sj1-1;15,7
TDA;sj;1;sj1-1;13,45
TDA;sj;1;sj1-1;13,55
TDA;sj;1;sj1-1;15,35
TDA;sj;1;sj1-1;14,5
TDA;sj;1;sj1-1;14,75
TDA;sj;1;sj1-1;15,8
TDA;sj;1;sj1-1;16,6
TDA;sj;1;sj1-1;15,25
TDA;sj;1;sj1-1;15,65
TDA;sj;1;sj1-1;16,2
TDA;sj;1;sj1-1;15,75
TDA;sj;1;sj1-1;15,95
TDA;sj;1;sj1-1;15,65
TDA;sj;1;sj1-1;15,4
TDA;sj;1;sj1-1;15,5
TDA;sj;1;sj1-1;14,45
sta.lu;sj;6;sj6-2;15,45
sta.lu;sj;6;sj6-2;16,4
sta.lu;sj;6;sj6-2;15,5
sta.lu;sj;6;sj6-2;15,75
sta.lu;sj;6;sj6-2;15,8
sta.lu;sj;6;sj6-2;15,15
sta.lu;sj;6;sj6-2;14
sta.lu;sj;6;sj6-2;14,7
sta.lu;sj;6;sj6-2;15,9
sta.lu;sj;6;sj6-2;14
sta.lu;sj;6;sj6-2;17,1
sta.lu;sj;6;sj6-2;14,35
sta.lu;sj;6;sj6-2;15,35
sta.lu;sj;6;sj6-2;13,75
sta.lu;sj;6;sj6-2;15,1
sta.lu;sj;6;sj6-2;13,5
sta.lu;sj;6;sj6-1;12,6
sta.lu;sj;6;sj6-1;13,9
sta.lu;sj;6;sj6-1;13,1
sta.lu;sj;6;sj6-1;14,05
sta.lu;sj;6;sj6-1;13,25
sta.lu;sj;6;sj6-1;14,35
sta.lu;sj;6;sj6-1;13,8
sta.lu;sj;6;sj6-1;13,55
sta.lu;sj;6;sj6-1;13,95
sta.lu;sj;6;sj6-1;12,1
sta.lu;sj;6;sj6-1;14,7
sta.lu;sj;6;sj6-1;11,9
sta.lu;sj;6;sj6-1;11,85
sta.lu;sj;6;sj6-1;14,4
sta.lu;sj;6;sj6-1;14,3
sta.lu;sj;6;sj6-1;12,8
sta.lu;sj;6;sj6-1;13,3
sta.lu;sj;6;sj6-1;13,7
sta.lu;sj;6;sj6-1;14,15
sta.lu;sj;6;sj6-1;12,05
sta.lu;sj;6;sj6-5;12,5
sta.lu;sj;6;sj6-5;15,05
sta.lu;sj;6;sj6-5;15,75
sta.lu;sj;6;sj6-5;15,85
sta.lu;sj;6;sj6-5;16,25
sta.lu;sj;6;sj6-5;15,2
sta.lu;sj;6;sj6-5;14,35
sta.lu;sj;6;sj6-5;14,85
sta.lu;sj;6;sj6-5;15,65
sta.lu;sj;6;sj6-5;14,2
sta.lu;sj;6;sj6-5;16,15
sta.lu;sj;6;sj6-5;14,3
sta.lu;sj;6;sj6-5;14,6
sta.lu;sj;6;sj6-5;15,75
sta.lu;sj;6;sj6-5;14,05
sta.lu;sj;6;sj6-5;15,1
sta.lu;sj;6;sj6-5;13,5
sta.lu;sj;6;sj6-4;14,3
sta.lu;sj;6;sj6-4;15,8
sta.lu;sj;6;sj6-4;13,2
sta.lu;sj;6;sj6-4;14,75
sta.lu;sj;6;sj6-4;16,65
sta.lu;sj;6;sj6-4;13,9
sta.lu;sj;6;sj6-4;13,95
sta.lu;sj;6;sj6-4;14,25
sta.lu;sj;6;sj6-4;14,35
sta.lu;sj;6;sj6-4;15,75
sta.lu;sj;6;sj6-4;13,3
sta.lu;sj;6;sj6-4;15,95
sta.lu;sj;6;sj6-4;12,65
sta.lu;sj;6;sj6-4;14,55
sta.lu;sj;6;sj6-4;14,95
sta.lu;sj;6;sj6-4;14,1
sta.lu;sj;6;sj6-4;13,85
sta.lu;sj;6;sj6-3;13,9
sta.lu;sj;6;sj6-3;13,15
sta.lu;sj;6;sj6-3;16
sta.lu;sj;6;sj6-3;13,9
sta.lu;sj;6;sj6-3;12,4
sta.lu;sj;6;sj6-3;13,15
sta.lu;sj;6;sj6-3;13,75
sta.lu;sj;6;sj6-3;15
sta.lu;sj;6;sj6-3;13,45
sta.lu;sj;6;sj6-3;13,3
sta.lu;sj;6;sj6-3;13,8
sta.lu;sj;6;sj6-3;13,9
sta.lu;sj;6;sj6-3;13
sta.lu;sj;6;sj6-3;13
sta.lu;sj;6;sj6-3;13,3
sta.lu;sj;6;sj6-3;12
sta.lu;sj;6;sj6-3;12,9
sta.lu;sj;6;sj6-3;14,6
sta.lu;sj;6;sj6-3;13,8
sta.lu;sj;6;sj6-3;12,55
sta.lu;sj;6;sj6-3;11,85
sta.lu;sj;6;sj6-3;11,6
sta.lu;sj;6;sj6-7;15
sta.lu;sj;6;sj6-7;15,6
sta.lu;sj;6;sj6-7;13,4
sta.lu;sj;6;sj6-7;14,1
sta.lu;sj;6;sj6-7;13,1
sta.lu;sj;6;sj6-7;16,3
sta.lu;sj;6;sj6-7;13,6
sta.lu;sj;6;sj6-7;16,45
sta.lu;sj;6;sj6-7;13,35
sta.lu;sj;6;sj6-7;13,75
sta.lu;sj;6;sj6-7;12,95
sta.lu;sj;6;sj6-7;13,9
sta.lu;sj;6;sj6-7;14,5
sta.lu;sj;6;sj6-7;13,3
sta.lu;sj;6;sj6-7;14
sta.lu;sj;6;sj6-7;15
sta.lu;sj;6;sj6-7;14,65
sta.lu;sj;6;sj6-7;14,35
sta.lu;sj;6;sj6-7;14,15
sta.lu;sj;6;sj6-7;14,3
sta.lu;sj;6;sj6-7;13,95
sta.lu;sj;6;sj6-7;13,9
sta.lu;sj;6;sj6-7;12,9
sta.lu;sj;6;sj6-7;13,6
sta.lu;sj;6;sj6-7;14,9
sta.lu;sj;6;sj6-7;14,5
sta.lu;sj;6;sj6-7;12,6
sta.lu;sj;6;sj6-7;13,65
sta.lu;sj;6;sj6-6;13,5
sta.lu;sj;6;sj6-6;13,2
sta.lu;sj;6;sj6-6;13,75
sta.lu;sj;6;sj6-6;13,7
sta.lu;sj;6;sj6-6;15
sta.lu;sj;6;sj6-6;13,25
sta.lu;sj;6;sj6-6;15,2
sta.lu;sj;6;sj6-6;14,95
sta.lu;sj;6;sj6-6;14,1
sta.lu;sj;6;sj6-6;14,5
sta.lu;sj;6;sj6-6;13,6
sta.lu;sj;6;sj6-6;12,9
sta.lu;sj;6;sj6-6;13,2
sta.lu;sj;6;sj6-6;14,4
sta.lu;sj;6;sj6-6;15
sta.lu;sj;6;sj6-6;15,75
sta.lu;sj;6;sj6-6;14,15
sta.lu;sj;6;sj6-6;14
sta.lu;sj;6;sj6-6;13,7
sta.lu;sj;6;sj6-6;13,4
sta.lu;sj;6;sj6-6;13,45
sta.lu;sj;6;sj6-6;12,3
sta.lu;sj;6;sj6-6;14,95
sta.lu;sj;6;sj6-6;13,85
sta.lu;sj;6;sj6-6;12,4
sta.lu;sj;6;sj6-6;12,35
citro;sj;2;sj2-7;23,35
citro;sj;2;sj2-7;20,85
citro;sj;2;sj2-7;19,5
citro;sj;2;sj2-7;19,5
citro;sj;2;sj2-7;19,7
citro;sj;2;sj2-7;20,75
citro;sj;2;sj2-7;18,65
citro;sj;2;sj2-7;16,85
citro;sj;2;sj2-7;18,5
citro;sj;2;sj2-7;20,1
citro;sj;2;sj2-7;18,4
citro;sj;2;sj2-7;16,2
citro;sj;2;sj2-7;18,2
citro;sj;2;sj2-7;16,1
citro;sj;2;sj2-7;20,8
citro;sj;2;sj2-7;18,9
citro;sj;2;sj2-7;15,75
citro;sj;2;sj2-7;16,75
citro;sj;2;sj2-6;19,7
citro;sj;2;sj2-6;15,6
citro;sj;2;sj2-6;17,6
citro;sj;2;sj2-6;15,65
citro;sj;2;sj2-6;20,45
citro;sj;2;sj2-6;17,35
citro;sj;2;sj2-6;16,25
citro;sj;2;sj2-6;16,6
citro;sj;2;sj2-6;16,05
citro;sj;2;sj2-6;14,85
citro;sj;2;sj2-6;17,95
citro;sj;2;sj2-6;18,2
citro;sj;2;sj2-6;16,25
citro;sj;2;sj2-6;15,3
citro;sj;2;sj2-5;22,6
citro;sj;2;sj2-5;16,9
citro;sj;2;sj2-5;18,6
citro;sj;2;sj2-5;21,2
citro;sj;2;sj2-5;16
citro;sj;2;sj2-5;17,65
citro;sj;2;sj2-5;18,5
citro;sj;2;sj2-5;19,35
citro;sj;2;sj2-5;19,8
citro;sj;2;sj2-5;18,6
citro;sj;2;sj2-5;17,65
citro;sj;2;sj2-5;19,05
citro;sj;2;sj2-5;18,1
citro;sj;2;sj2-4;17,8
citro;sj;2;sj2-4;18,8
citro;sj;2;sj2-4;19,8
citro;sj;2;sj2-4;16,7
citro;sj;2;sj2-4;16,85
citro;sj;2;sj2-4;16
citro;sj;2;sj2-4;15,7
citro;sj;2;sj2-4;15,65
citro;sj;2;sj2-4;16
citro;sj;2;sj2-4;15,45
citro;sj;2;sj2-4;15,3
citro;sj;2;sj2-4;15,55
citro;sj;2;sj2-4;16,45
citro;sj;2;sj2-4;16,25
citro;sj;2;sj2-3;17,9
citro;sj;2;sj2-3;19,2
citro;sj;2;sj2-3;18
citro;sj;2;sj2-3;18,85
citro;sj;2;sj2-3;15,55
citro;sj;2;sj2-3;15,75
citro;sj;2;sj2-3;19
citro;sj;2;sj2-3;19,7
citro;sj;2;sj2-3;18,7
citro;sj;2;sj2-3;16,3
citro;sj;2;sj2-3;16,6
citro;sj;2;sj2-3;16,65
citro;sj;2;sj2-3;16,75
citro;sj;2;sj2-2;19,7
citro;sj;2;sj2-2;16,85
citro;sj;2;sj2-2;19,35
citro;sj;2;sj2-2;17,6
citro;sj;2;sj2-2;16,6
citro;sj;2;sj2-2;19,35
citro;sj;2;sj2-2;16,2
citro;sj;2;sj2-2;17,5
citro;sj;2;sj2-2;18,3
citro;sj;2;sj2-2;15,2
citro;sj;2;sj2-1;15,2
citro;sj;2;sj2-1;16,1
citro;sj;2;sj2-1;19,65
citro;sj;2;sj2-1;20,05
citro;sj;2;sj2-1;15,6
citro;sj;2;sj2-1;16,65
citro;sj;2;sj2-1;17,05
citro;sj;2;sj2-1;14,8
citro;sj;2;sj2-1;14,3
citro;sj;2;sj2-1;14,5
citro;sj;2;sj2-1;15,4
citro;sj;2;sj2-1;16,5
citro;sj;2;sj2-1;16,25
citro;sj;2;sj2-1;13,6
TDA;sj;3;sj3-4;15,15
TDA;sj;3;sj3-4;14,7
TDA;sj;3;sj3-4;15,45
TDA;sj;3;sj3-4;14,55
TDA;sj;3;sj3-4;13,1
TDA;sj;3;sj3-4;14,6
TDA;sj;3;sj3-4;13,6
TDA;sj;3;sj3-4;13,45
TDA;sj;3;sj3-4;11,6
TDA;sj;3;sj3-4;16,5
TDA;sj;3;sj3-4;14,2
TDA;sj;3;sj3-4;15,6
TDA;sj;3;sj3-4;14,55
TDA;sj;3;sj3-4;13,6
TDA;sj;3;sj3-4;14,8
TDA;sj;3;sj3-4;14,3
TDA;sj;3;sj3-4;14
TDA;sj;3;sj3-4;14,7
TDA;sj;3;sj3-7;16,75
TDA;sj;3;sj3-7;17,1
TDA;sj;3;sj3-7;16,5
TDA;sj;3;sj3-7;16,75
TDA;sj;3;sj3-7;16,65
TDA;sj;3;sj3-7;15,6
TDA;sj;3;sj3-7;15,8
TDA;sj;3;sj3-7;16,5
TDA;sj;3;sj3-7;16,3
TDA;sj;3;sj3-7;17,35
TDA;sj;3;sj3-7;15,45
TDA;sj;3;sj3-7;17,5
TDA;sj;3;sj3-7;15,8
TDA;sj;3;sj3-7;17,05
TDA;sj;3;sj3-7;15,3
TDA;sj;3;sj3-6;14,1
TDA;sj;3;sj3-6;14,45
TDA;sj;3;sj3-6;15
TDA;sj;3;sj3-6;16,45
TDA;sj;3;sj3-6;15,35
TDA;sj;3;sj3-6;14,5
TDA;sj;3;sj3-6;16,5
TDA;sj;3;sj3-6;15,1
TDA;sj;3;sj3-6;14,3
TDA;sj;3;sj3-6;16,1
TDA;sj;3;sj3-6;15,05
TDA;sj;3;sj3-6;15,45
TDA;sj;3;sj3-6;12,95
TDA;sj;3;sj3-6;15,9
TDA;sj;3;sj3-6;14,2
TDA;sj;3;sj3-3;14,7
TDA;sj;3;sj3-3;15,2
TDA;sj;3;sj3-3;16,1
TDA;sj;3;sj3-3;17,35
TDA;sj;3;sj3-3;15,8
TDA;sj;3;sj3-3;15,45
TDA;sj;3;sj3-3;16,45
TDA;sj;3;sj3-3;16,85
TDA;sj;3;sj3-3;14,3
TDA;sj;3;sj3-3;16,1
TDA;sj;3;sj3-3;13,3
TDA;sj;3;sj3-3;15,9
TDA;sj;3;sj3-3;16,95
TDA;sj;3;sj3-3;16
TDA;sj;3;sj3-3;16,7
TDA;sj;3;sj3-3;14,7
TDA;sj;3;sj3-2;15,4
TDA;sj;3;sj3-2;15,45
TDA;sj;3;sj3-2;15,8
TDA;sj;3;sj3-2;14,8
TDA;sj;3;sj3-2;15,6
TDA;sj;3;sj3-2;16,5
TDA;sj;3;sj3-2;15,75
TDA;sj;3;sj3-2;15,7
TDA;sj;3;sj3-2;15,9
TDA;sj;3;sj3-2;18,25
TDA;sj;3;sj3-2;15
TDA;sj;3;sj3-2;14,75
TDA;sj;3;sj3-2;15,7
TDA;sj;3;sj3-2;15,4
TDA;sj;3;sj3-2;13,9
TDA;sj;3;sj3-2;14,2
TDA;sj;3;sj3-1;15,45
TDA;sj;3;sj3-1;17,05
TDA;sj;3;sj3-1;14,45
TDA;sj;3;sj3-1;15,2
TDA;sj;3;sj3-1;14,55
TDA;sj;3;sj3-1;14,6
TDA;sj;3;sj3-1;14,2
TDA;sj;3;sj3-1;13,1
TDA;sj;3;sj3-1;13,4
TDA;sj;3;sj3-1;15,2
TDA;sj;3;sj3-1;16,6
TDA;sj;3;sj3-1;13,95
TDA;sj;3;sj3-1;15,05
TDA;sj;3;sj3-1;14,65
TDA;sj;3;sj3-5;15,2
TDA;sj;3;sj3-5;16,4
TDA;sj;3;sj3-5;15,8
TDA;sj;3;sj3-5;16,15
TDA;sj;3;sj3-5;19,9
TDA;sj;3;sj3-5;16,1
TDA;sj;3;sj3-5;17,2
TDA;sj;3;sj3-5;15,45
TDA;sj;3;sj3-5;15
TDA;sj;3;sj3-5;18,4
TDA;sj;3;sj3-5;15
TDA;sj;3;sj3-5;18,3
TDA;sj;3;sj3-5;15,65
TDA;sj;3;sj3-5;16,1
TDA;sj;3;sj3-5;17,2
TDA;sj;3;sj3-5;15,2
TDA;sj;3;sj3-5;15,4
TDA;sj;2;sj2-7;18,65
TDA;sj;2;sj2-7;15,7
TDA;sj;2;sj2-7;16,65
TDA;sj;2;sj2-7;20,2
TDA;sj;2;sj2-7;18,4
TDA;sj;2;sj2-7;19,5
TDA;sj;2;sj2-7;18,2
TDA;sj;2;sj2-7;14,5
TDA;sj;2;sj2-7;17,15
TDA;sj;2;sj2-7;14,75
TDA;sj;2;sj2-7;15,85
TDA;sj;2;sj2-7;16,15
TDA;sj;2;sj2-7;17,05
TDA;sj;2;sj2-7;15,9
TDA;sj;2;sj2-7;15,5
TDA;sj;2;sj2-7;16,55
TDA;sj;2;sj2-7;16,1
TDA;sj;2;sj2-7;15,25
TDA;sj;2;sj2-7;16
TDA;sj;2;sj2-6;17,8
TDA;sj;2;sj2-6;21,1
TDA;sj;2;sj2-6;17,15
TDA;sj;2;sj2-6;16,45
TDA;sj;2;sj2-6;21,45
TDA;sj;2;sj2-6;17
TDA;sj;2;sj2-6;18,95
TDA;sj;2;sj2-6;15,3
TDA;sj;2;sj2-6;16,7
TDA;sj;2;sj2-6;16,8
TDA;sj;2;sj2-6;17,65
TDA;sj;2;sj2-6;14,6
TDA;sj;2;sj2-6;17,9
TDA;sj;2;sj2-6;17,9
TDA;sj;2;sj2-6;16,3
TDA;sj;2;sj2-6;17,6
TDA;sj;2;sj2-6;17,45
TDA;sj;2;sj2-6;15,65
TDA;sj;2;sj2-5;16,95
TDA;sj;2;sj2-5;14,8
TDA;sj;2;sj2-5;15,7
TDA;sj;2;sj2-5;17,6
TDA;sj;2;sj2-5;14,95
TDA;sj;2;sj2-5;15,55
TDA;sj;2;sj2-5;15,75
TDA;sj;2;sj2-5;16,15
TDA;sj;2;sj2-5;16,2
TDA;sj;2;sj2-5;17,15
TDA;sj;2;sj2-5;17,25
TDA;sj;2;sj2-5;17
TDA;sj;2;sj2-5;16,4
TDA;sj;2;sj2-5;16,05
TDA;sj;2;sj2-5;15,5
TDA;sj;2;sj2-5;16,1
TDA;sj;2;sj2-5;15,8
TDA;sj;2;sj2-5;16,2
TDA;sj;2;sj2-5;16,15
TDA;sj;2;sj2-5;15,45
TDA;sj;2;sj2-5;15
TDA;sj;2;sj2-5;14,35
TDA;sj;2;sj2-3;17,65
TDA;sj;2;sj2-3;16,2
TDA;sj;2;sj2-3;15,05
TDA;sj;2;sj2-3;17,1
TDA;sj;2;sj2-3;14,4
TDA;sj;2;sj2-3;17,35
TDA;sj;2;sj2-3;16,4
TDA;sj;2;sj2-3;14,9
TDA;sj;2;sj2-3;16,5
TDA;sj;2;sj2-3;18,4
TDA;sj;2;sj2-3;19,65
TDA;sj;2;sj2-3;15,45
TDA;sj;2;sj2-3;15,15
TDA;sj;2;sj2-3;15,15
TDA;sj;2;sj2-3;15,5
TDA;sj;2;sj2-3;17,85
TDA;sj;2;sj2-3;16,7
TDA;sj;2;sj2-3;15,25
TDA;sj;2;sj2-3;16,6
TDA;sj;2;sj2-3;15,85
TDA;sj;2;sj2-3;18
TDA;sj;2;sj2-3;17,6
TDA;sj;2;sj2-3;15,8
TDA;sj;2;sj2-4;17,15
TDA;sj;2;sj2-4;16,5
TDA;sj;2;sj2-4;16,1
TDA;sj;2;sj2-4;15,2
TDA;sj;2;sj2-4;15,9
TDA;sj;2;sj2-4;16,25
TDA;sj;2;sj2-4;14,4
TDA;sj;2;sj2-4;16,95
TDA;sj;2;sj2-4;16,7
TDA;sj;2;sj2-4;16,1
TDA;sj;2;sj2-4;15,45
TDA;sj;2;sj2-4;18,7
TDA;sj;2;sj2-4;17,35
TDA;sj;2;sj2-4;15,15
TDA;sj;2;sj2-4;16,55
TDA;sj;2;sj2-4;16,25
TDA;sj;2;sj2-4;15,95
TDA;sj;2;sj2-4;15,2
TDA;sj;2;sj2-4;15,55
TDA;sj;2;sj2-4;15,4
TDA;sj;2;sj2-2;15,6
TDA;sj;2;sj2-2;17,4
TDA;sj;2;sj2-2;17,15
TDA;sj;2;sj2-2;15,7
TDA;sj;2;sj2-2;16,1
TDA;sj;2;sj2-2;15,4
TDA;sj;2;sj2-2;18,4
TDA;sj;2;sj2-2;16,75
TDA;sj;2;sj2-2;15,7
TDA;sj;2;sj2-2;15,6
TDA;sj;2;sj2-2;16,8
TDA;sj;2;sj2-2;16,35
TDA;sj;2;sj2-2;15,6
TDA;sj;2;sj2-2;14,1
TDA;sj;2;sj2-2;15,7
TDA;sj;2;sj2-2;15,6
TDA;sj;2;sj2-2;15,45
TDA;sj;2;sj2-2;14,35
TDA;sj;2;sj2-2;14,1
TDA;sj;2;sj2-2;14,75
TDA;sj;2;sj2-1;14,9
TDA;sj;2;sj2-1;16,4
TDA;sj;2;sj2-1;14,35
TDA;sj;2;sj2-1;17,65
TDA;sj;2;sj2-1;16,55
TDA;sj;2;sj2-1;16,55
TDA;sj;2;sj2-1;14,6
TDA;sj;2;sj2-1;16,4
TDA;sj;2;sj2-1;17,45
TDA;sj;2;sj2-1;15,65
TDA;sj;2;sj2-1;17,55
TDA;sj;2;sj2-1;15,5
TDA;sj;2;sj2-1;16,45
TDA;sj;2;sj2-1;15,5
TDA;sj;2;sj2-1;17,8
TDA;sj;2;sj2-1;16,5
TDA;sj;2;sj2-1;14,75
sta.lu;sj;4;sj4-2;12,2
sta.lu;sj;4;sj4-2;12,1
sta.lu;sj;4;sj4-2;12,2
sta.lu;sj;4;sj4-2;12,55
sta.lu;sj;4;sj4-2;13,15
sta.lu;sj;4;sj4-2;12,4
sta.lu;sj;4;sj4-2;11,8
sta.lu;sj;4;sj4-2;12,75
sta.lu;sj;4;sj4-2;11,95
sta.lu;sj;4;sj4-2;10,1
sta.lu;sj;4;sj4-1;13,3
sta.lu;sj;4;sj4-1;12,8
sta.lu;sj;4;sj4-1;12,6
sta.lu;sj;4;sj4-1;12,15
sta.lu;sj;4;sj4-1;12,6
sta.lu;sj;4;sj4-1;12,4
sta.lu;sj;4;sj4-1;12
sta.lu;sj;4;sj4-1;13,15
sta.lu;sj;4;sj4-1;12,5
sta.lu;sj;4;sj4-1;10,95
sta.lu;sj;4;sj4-4;16
sta.lu;sj;4;sj4-4;17,2
sta.lu;sj;4;sj4-4;17
sta.lu;sj;4;sj4-4;18,1
sta.lu;sj;4;sj4-4;13,8
sta.lu;sj;4;sj4-4;16,4
sta.lu;sj;4;sj4-4;14,35
sta.lu;sj;4;sj4-4;17,35
sta.lu;sj;4;sj4-4;16,35
sta.lu;sj;4;sj4-4;15,9
sta.lu;sj;4;sj4-4;15,15
sta.lu;sj;4;sj4-3;15,2
sta.lu;sj;4;sj4-3;15,8
sta.lu;sj;4;sj4-3;15,25
sta.lu;sj;4;sj4-3;16,3
sta.lu;sj;4;sj4-3;15,5
sta.lu;sj;4;sj4-3;15,4
sta.lu;sj;4;sj4-3;15,4
sta.lu;sj;4;sj4-3;15,8
sta.lu;sj;4;sj4-3;14,5
sta.lu;sj;4;sj4-3;15,6
sta.lu;sj;4;sj4-3;15,25
sta.lu;sj;4;sj4-7;17,7
sta.lu;sj;4;sj4-7;15,5
sta.lu;sj;4;sj4-7;16,8
sta.lu;sj;4;sj4-7;15,5
sta.lu;sj;4;sj4-7;15,8
sta.lu;sj;4;sj4-7;16,85
sta.lu;sj;4;sj4-7;17,25
sta.lu;sj;4;sj4-7;14,5
sta.lu;sj;4;sj4-7;14,8
sta.lu;sj;4;sj4-7;13,3
sta.lu;sj;4;sj4-6;16,5
sta.lu;sj;4;sj4-6;16,2
sta.lu;sj;4;sj4-6;15,3
sta.lu;sj;4;sj4-6;15,95
sta.lu;sj;4;sj4-6;16,05
sta.lu;sj;4;sj4-6;15,7
sta.lu;sj;4;sj4-6;16,1
sta.lu;sj;4;sj4-6;16,5
sta.lu;sj;4;sj4-6;16,5
sta.lu;sj;4;sj4-6;14,4
sta.lu;sj;4;sj4-5;17,05
sta.lu;sj;4;sj4-5;15,7
sta.lu;sj;4;sj4-5;15,5
sta.lu;sj;4;sj4-5;17,35
sta.lu;sj;4;sj4-5;15,2
sta.lu;sj;4;sj4-5;16,3
sta.lu;sj;4;sj4-5;16,7
sta.lu;sj;4;sj4-5;16
sta.lu;sj;4;sj4-5;16,05
sta.lu;sj;4;sj4-5;15,15
TDB;sj;1;sj1-6;18,05
TDB;sj;1;sj1-6;14,85
TDB;sj;1;sj1-6;15,1
TDB;sj;1;sj1-6;16,1
TDB;sj;1;sj1-6;17,15
TDB;sj;1;sj1-6;16,75
TDB;sj;1;sj1-6;17,7
TDB;sj;1;sj1-6;16,65
TDB;sj;1;sj1-6;18,1
TDB;sj;1;sj1-6;16,2
TDB;sj;1;sj1-6;15,75
TDB;sj;1;sj1-6;16,35
TDB;sj;1;sj1-7;18,8
TDB;sj;1;sj1-7;15,95
TDB;sj;1;sj1-7;15,75
TDB;sj;1;sj1-7;17,65
TDB;sj;1;sj1-7;15,8
TDB;sj;1;sj1-7;16,65
TDB;sj;1;sj1-7;18,75
TDB;sj;1;sj1-7;14,65
TDB;sj;1;sj1-7;15,25
TDB;sj;1;sj1-7;16,3
TDB;sj;1;sj1-7;15,75
TDB;sj;1;sj1-5;15,1
TDB;sj;1;sj1-5;15,5
TDB;sj;1;sj1-5;17,55
TDB;sj;1;sj1-5;16,5
TDB;sj;1;sj1-5;16,2
TDB;sj;1;sj1-5;16,4
TDB;sj;1;sj1-5;16,1
TDB;sj;1;sj1-5;16,2
TDB;sj;1;sj1-5;15,55
TDB;sj;1;sj1-5;16,3
TDB;sj;1;sj1-5;14,15
TDB;sj;1;sj1-5;14,9
TDB;sj;1;sj1-4;17,1
TDB;sj;1;sj1-4;15,4
TDB;sj;1;sj1-4;14,65
TDB;sj;1;sj1-4;15,4
TDB;sj;1;sj1-4;14,95
TDB;sj;1;sj1-4;15,5
TDB;sj;1;sj1-4;15,15
TDB;sj;1;sj1-4;16,15
TDB;sj;1;sj1-4;15,35
TDB;sj;1;sj1-4;16,6
TDB;sj;1;sj1-4;15
TDB;sj;1;sj1-4;15,65
TDB;sj;1;sj1-4;15,9
TDB;sj;1;sj1-3;14,6
TDB;sj;1;sj1-3;16,9
TDB;sj;1;sj1-3;15
TDB;sj;1;sj1-3;15
TDB;sj;1;sj1-3;16,8
TDB;sj;1;sj1-3;14,6
TDB;sj;1;sj1-3;14,55
TDB;sj;1;sj1-3;14,75
TDB;sj;1;sj1-3;14,3
TDB;sj;1;sj1-3;14,4
TDB;sj;1;sj1-3;14,2
TDB;sj;1;sj1-2;15,4
TDB;sj;1;sj1-2;17,7
TDB;sj;1;sj1-2;15,25
TDB;sj;1;sj1-2;15,5
TDB;sj;1;sj1-2;15,1
TDB;sj;1;sj1-2;17,45
TDB;sj;1;sj1-2;15,8
TDB;sj;1;sj1-2;15,8
TDB;sj;1;sj1-2;15,1
TDB;sj;1;sj1-2;14,95
TDB;sj;1;sj1-2;14,7
TDB;sj;1;sj1-1;16,2
TDB;sj;1;sj1-1;16,2
TDB;sj;1;sj1-1;16
TDB;sj;1;sj1-1;16,8
TDB;sj;1;sj1-1;15,2
TDB;sj;1;sj1-1;16,2
TDB;sj;1;sj1-1;15,9
TDB;sj;1;sj1-1;16,5
TDB;sj;1;sj1-1;15,85
TDB;sj;1;sj1-1;16,55
TDB;sj;1;sj1-1;15,25
TDA;sj;4;sj4-1;17,1
TDA;sj;4;sj4-1;17,8
TDA;sj;4;sj4-1;14,65
TDA;sj;4;sj4-1;15,9
TDA;sj;4;sj4-1;13,55
TDA;sj;4;sj4-1;17,3
TDA;sj;4;sj4-1;17,75
TDA;sj;4;sj4-1;17,9
TDA;sj;4;sj4-1;13,8
TDA;sj;4;sj4-1;16,4
TDA;sj;4;sj4-1;19,35
TDA;sj;4;sj4-1;19,1
TDA;sj;4;sj4-1;17,8
TDA;sj;4;sj4-1;17,4
TDA;sj;4;sj4-1;13,45
TDA;sj;4;sj4-2;16,9
TDA;sj;4;sj4-2;17,55
TDA;sj;4;sj4-2;17,95
TDA;sj;4;sj4-2;19,15
TDA;sj;4;sj4-2;17,9
TDA;sj;4;sj4-2;16,5
TDA;sj;4;sj4-2;17,2
TDA;sj;4;sj4-2;16,2
TDA;sj;4;sj4-2;17,9
TDA;sj;4;sj4-2;17,5
TDA;sj;4;sj4-2;17,3
TDA;sj;4;sj4-2;16,95
TDA;sj;4;sj4-2;15,4
TDA;sj;4;sj4-2;14,7
TDA;sj;4;sj4-3;15,95
TDA;sj;4;sj4-3;17,55
TDA;sj;4;sj4-3;17,7
TDA;sj;4;sj4-3;14,55
TDA;sj;4;sj4-3;15,65
TDA;sj;4;sj4-3;17,3
TDA;sj;4;sj4-3;17,6
TDA;sj;4;sj4-3;16,9
TDA;sj;4;sj4-3;17,4
TDA;sj;4;sj4-3;16,65
TDA;sj;4;sj4-3;15,9
TDA;sj;4;sj4-3;16,2
TDA;sj;4;sj4-3;17,2
TDA;sj;4;sj4-3;17,75
TDA;sj;4;sj4-5;15,6
TDA;sj;4;sj4-5;15,5
TDA;sj;4;sj4-5;17,4
TDA;sj;4;sj4-5;14,4
TDA;sj;4;sj4-5;18,6
TDA;sj;4;sj4-5;16,3
TDA;sj;4;sj4-5;17,6
TDA;sj;4;sj4-5;15,8
TDA;sj;4;sj4-5;16,6
TDA;sj;4;sj4-5;16
TDA;sj;4;sj4-5;17
TDA;sj;4;sj4-5;15,55
TDA;sj;4;sj4-5;18,8
TDA;sj;4;sj4-5;13,8
TDA;sj;4;sj4-5;16,35
TDA;sj;4;sj4-5;16,4
TDA;sj;4;sj4-4;15,65
TDA;sj;4;sj4-4;16,4
TDA;sj;4;sj4-4;14,25
TDA;sj;4;sj4-4;15,55
TDA;sj;4;sj4-4;13,8
TDA;sj;4;sj4-4;15,65
TDA;sj;4;sj4-4;14,4
TDA;sj;4;sj4-4;15,55
TDA;sj;4;sj4-4;14,15
TDA;sj;4;sj4-4;14,55
TDA;sj;4;sj4-4;15,25
TDA;sj;4;sj4-4;19
TDA;sj;4;sj4-4;13,7
TDA;sj;4;sj4-4;14,6
TDA;sj;4;sj4-4;17,2
TDA;sj;4;sj4-7;17,5
TDA;sj;4;sj4-7;14,95
TDA;sj;4;sj4-7;15,25
TDA;sj;4;sj4-7;14,75
TDA;sj;4;sj4-7;16,25
TDA;sj;4;sj4-7;17,9
TDA;sj;4;sj4-7;15,2
TDA;sj;4;sj4-7;15
TDA;sj;4;sj4-7;16,8
TDA;sj;4;sj4-7;15
TDA;sj;4;sj4-7;14,9
TDA;sj;4;sj4-7;16,5
TDA;sj;4;sj4-7;15,05
TDA;sj;4;sj4-6;17,25
TDA;sj;4;sj4-6;17,15
TDA;sj;4;sj4-6;16,25
TDA;sj;4;sj4-6;17,75
TDA;sj;4;sj4-6;15,7
TDA;sj;4;sj4-6;15,2
TDA;sj;4;sj4-6;14,6
TDA;sj;4;sj4-6;14,8
TDA;sj;4;sj4-6;16,25
TDA;sj;4;sj4-6;15,85
TDA;sj;4;sj4-6;15,15
TDA;sj;4;sj4-6;14,8
TDB;sj;2;sj2-7;18
TDB;sj;2;sj2-7;17,2
TDB;sj;2;sj2-7;17,6
TDB;sj;2;sj2-7;16,95
TDB;sj;2;sj2-7;17,7
TDB;sj;2;sj2-7;18,4
TDB;sj;2;sj2-7;17,9
TDB;sj;2;sj2-7;18,1
TDB;sj;2;sj2-7;17,7
TDB;sj;2;sj2-7;17,3
TDB;sj;2;sj2-7;16,1
TDB;sj;2;sj2-7;16,45
TDB;sj;2;sj2-7;14,3
TDB;sj;2;sj2-7;16,7
TDB;sj;2;sj2-7;13,3
TDB;sj;2;sj2-7;16,2
TDB;sj;2;sj2-6;16,15
TDB;sj;2;sj2-6;16,8
TDB;sj;2;sj2-6;17,45
TDB;sj;2;sj2-6;16,95
TDB;sj;2;sj2-6;17,4
TDB;sj;2;sj2-6;17,1
TDB;sj;2;sj2-6;16,5
TDB;sj;2;sj2-6;16,45
TDB;sj;2;sj2-6;15,4
TDB;sj;2;sj2-6;15,8
TDB;sj;2;sj2-6;17,05
TDB;sj;2;sj2-6;15,7
TDB;sj;2;sj2-2;18,35
TDB;sj;2;sj2-2;16,1
TDB;sj;2;sj2-2;18
TDB;sj;2;sj2-2;18,85
TDB;sj;2;sj2-2;18,4
TDB;sj;2;sj2-2;14
TDB;sj;2;sj2-2;19,35
TDB;sj;2;sj2-2;18,2
TDB;sj;2;sj2-2;17,9
TDB;sj;2;sj2-2;18,4
TDB;sj;2;sj2-2;19,5
TDB;sj;2;sj2-2;18,2
TDB;sj;2;sj2-1;18,55
TDB;sj;2;sj2-1;15,95
TDB;sj;2;sj2-1;15,65
TDB;sj;2;sj2-1;16,6
TDB;sj;2;sj2-1;15,8
TDB;sj;2;sj2-1;16
TDB;sj;2;sj2-1;17,9
TDB;sj;2;sj2-1;18,65
TDB;sj;2;sj2-1;17,8
TDB;sj;2;sj2-1;16,9
TDB;sj;2;sj2-1;16,5
TDB;sj;2;sj2-1;18,2
TDB;sj;2;sj2-5;20,15
TDB;sj;2;sj2-5;15,45
TDB;sj;2;sj2-5;16,8
TDB;sj;2;sj2-5;16,1
TDB;sj;2;sj2-5;16,55
TDB;sj;2;sj2-5;15,9
TDB;sj;2;sj2-5;16,85
TDB;sj;2;sj2-5;15,95
TDB;sj;2;sj2-5;15,75
TDB;sj;2;sj2-5;16,35
TDB;sj;2;sj2-5;16,8
TDB;sj;2;sj2-5;16,75
TDB;sj;2;sj2-4;17,5
TDB;sj;2;sj2-4;16,55
TDB;sj;2;sj2-4;19,2
TDB;sj;2;sj2-4;17,7
TDB;sj;2;sj2-4;14,9
TDB;sj;2;sj2-4;17,95
TDB;sj;2;sj2-4;16,45
TDB;sj;2;sj2-4;16,4
TDB;sj;2;sj2-4;18,8
TDB;sj;2;sj2-4;15,3
TDB;sj;2;sj2-4;18,15
TDB;sj;2;sj2-3;16,45
TDB;sj;2;sj2-3;15,25
TDB;sj;2;sj2-3;18,1
TDB;sj;2;sj2-3;22,1
TDB;sj;2;sj2-3;16,45
TDB;sj;2;sj2-3;18,4
TDB;sj;2;sj2-3;17,6
TDB;sj;2;sj2-3;18
TDB;sj;2;sj2-3;15,3
TDB;sj;2;sj2-3;18,4
TDA;sj;5;sj5-4;19,85
TDA;sj;5;sj5-4;19,1
TDA;sj;5;sj5-4;18,35
TDA;sj;5;sj5-4;17,15
TDA;sj;5;sj5-4;19
TDA;sj;5;sj5-4;18,5
TDA;sj;5;sj5-4;16,65
TDA;sj;5;sj5-4;18,25
TDA;sj;5;sj5-4;17,2
TDA;sj;5;sj5-4;17,7
TDA;sj;5;sj5-4;18,15
TDA;sj;5;sj5-4;19,3
TDA;sj;5;sj5-4;19,2
TDA;sj;5;sj5-6;15,35
TDA;sj;5;sj5-6;15,6
TDA;sj;5;sj5-6;17
TDA;sj;5;sj5-6;15,8
TDA;sj;5;sj5-6;16,45
TDA;sj;5;sj5-6;19,6
TDA;sj;5;sj5-6;16,95
TDA;sj;5;sj5-6;15,35
TDA;sj;5;sj5-6;18,2
TDA;sj;5;sj5-6;16,15
TDA;sj;5;sj5-6;18,9
TDA;sj;5;sj5-6;16,5
TDA;sj;5;sj5-6;18,35
TDA;sj;5;sj5-6;20,2
TDA;sj;5;sj5-7;17,7
TDA;sj;5;sj5-7;18,55
TDA;sj;5;sj5-7;15,8
TDA;sj;5;sj5-7;17,95
TDA;sj;5;sj5-7;17,45
TDA;sj;5;sj5-7;17,1
TDA;sj;5;sj5-7;16,2
TDA;sj;5;sj5-7;20,95
TDA;sj;5;sj5-7;14
TDA;sj;5;sj5-7;18
TDA;sj;5;sj5-7;16,6
TDA;sj;5;sj5-7;17,15
TDA;sj;5;sj5-7;14,7
TDA;sj;5;sj5-7;15,15
TDA;sj;5;sj5-5;17,7
TDA;sj;5;sj5-5;14,35
TDA;sj;5;sj5-5;15,4
TDA;sj;5;sj5-5;16,9
TDA;sj;5;sj5-5;16,3
TDA;sj;5;sj5-5;15,6
TDA;sj;5;sj5-5;17,2
TDA;sj;5;sj5-5;14,5
TDA;sj;5;sj5-5;16,5
TDA;sj;5;sj5-5;15,2
TDA;sj;5;sj5-5;14,65
TDA;sj;5;sj5-5;15,65
TDA;sj;5;sj5-3;17,05
TDA;sj;5;sj5-3;15,45
TDA;sj;5;sj5-3;15,5
TDA;sj;5;sj5-3;17,1
TDA;sj;5;sj5-3;16,15
TDA;sj;5;sj5-3;17,6
TDA;sj;5;sj5-3;14,4
TDA;sj;5;sj5-3;15,05
TDA;sj;5;sj5-3;16,5
TDA;sj;5;sj5-3;15,5
TDA;sj;5;sj5-3;16,75
TDA;sj;5;sj5-2;19,35
TDA;sj;5;sj5-2;18,5
TDA;sj;5;sj5-2;20,3
TDA;sj;5;sj5-2;14,1
TDA;sj;5;sj5-2;17
TDA;sj;5;sj5-2;16,65
TDA;sj;5;sj5-2;16,6
TDA;sj;5;sj5-2;16,5
TDA;sj;5;sj5-2;17,45
TDA;sj;5;sj5-2;16,9
TDA;sj;5;sj5-2;20,6
TDA;sj;5;sj5-2;16,7
TDA;sj;5;sj5-1;19,25
TDA;sj;5;sj5-1;17,8
TDA;sj;5;sj5-1;16,5
TDA;sj;5;sj5-1;18,95
TDA;sj;5;sj5-1;16,9
TDA;sj;5;sj5-1;15,3
TDA;sj;5;sj5-1;17,2
TDA;sj;5;sj5-1;17,8
TDA;sj;5;sj5-1;15,7
TDA;sj;5;sj5-1;16,95
TDA;sj;5;sj5-1;18,1
citro;sj;3;sj3-5;22,85
citro;sj;3;sj3-5;18,55
citro;sj;3;sj3-5;17,6
citro;sj;3;sj3-5;22,2
citro;sj;3;sj3-5;17,1
citro;sj;3;sj3-5;19,05
citro;sj;3;sj3-5;19,6
citro;sj;3;sj3-5;19,9
citro;sj;3;sj3-5;17,95
citro;sj;3;sj3-5;17,8
citro;sj;3;sj3-5;17,95
citro;sj;3;sj3-5;16,9
citro;sj;3;sj3-6;21,6
citro;sj;3;sj3-6;15,9
citro;sj;3;sj3-6;18,65
citro;sj;3;sj3-6;19,2
citro;sj;3;sj3-6;14,2
citro;sj;3;sj3-6;16,4
citro;sj;3;sj3-6;17,95
citro;sj;3;sj3-6;17,8
citro;sj;3;sj3-6;17,4
citro;sj;3;sj3-6;18,7
citro;sj;3;sj3-6;18,7
citro;sj;3;sj3-6;15,75
citro;sj;3;sj3-6;18,6
citro;sj;3;sj3-7;17,9
citro;sj;3;sj3-7;18,05
citro;sj;3;sj3-7;19,6
citro;sj;3;sj3-7;17,55
citro;sj;3;sj3-7;18,3
citro;sj;3;sj3-7;18,25
citro;sj;3;sj3-7;19,6
citro;sj;3;sj3-7;18,2
citro;sj;3;sj3-7;17,5
citro;sj;3;sj3-7;15
citro;sj;3;sj3-7;17,8
citro;sj;3;sj3-4;18,3
citro;sj;3;sj3-4;19,7
citro;sj;3;sj3-4;18,85
citro;sj;3;sj3-4;16,5
citro;sj;3;sj3-4;17
citro;sj;3;sj3-4;18,95
citro;sj;3;sj3-4;17,1
citro;sj;3;sj3-4;17
citro;sj;3;sj3-4;16,8
citro;sj;3;sj3-4;15,7
citro;sj;3;sj3-4;17,55
citro;sj;3;sj3-4;19,55
citro;sj;3;sj3-3;19,4
citro;sj;3;sj3-3;14,8
citro;sj;3;sj3-3;17,75
citro;sj;3;sj3-3;19,55
citro;sj;3;sj3-3;16,2
citro;sj;3;sj3-3;17,85
citro;sj;3;sj3-3;17,45
citro;sj;3;sj3-3;18,4
citro;sj;3;sj3-3;14,7
citro;sj;3;sj3-3;20,7
citro;sj;3;sj3-3;14,4
citro;sj;3;sj3-3;16,8
citro;sj;3;sj3-2;18,6
citro;sj;3;sj3-2;17
citro;sj;3;sj3-2;21,8
citro;sj;3;sj3-2;15,6
citro;sj;3;sj3-2;19,3
citro;sj;3;sj3-2;16,5
citro;sj;3;sj3-2;20,5
citro;sj;3;sj3-2;18,85
citro;sj;3;sj3-2;18
citro;sj;3;sj3-2;18,6
citro;sj;3;sj3-2;20,75
citro;sj;3;sj3-2;17,55
citro;sj;3;sj3-1;18,85
citro;sj;3;sj3-1;17,1
citro;sj;3;sj3-1;18,7
citro;sj;3;sj3-1;15,5
citro;sj;3;sj3-1;16,45
citro;sj;3;sj3-1;14,8
citro;sj;3;sj3-1;17,75
citro;sj;3;sj3-1;15,25
citro;sj;3;sj3-1;15,95
citro;sj;3;sj3-1;17,9
citro;sj;3;sj3-1;17
citro;sj;3;sj3-1;16,4
sta.lu;sj;2;sj2-1;13,3
sta.lu;sj;2;sj2-1;18,65
sta.lu;sj;2;sj2-1;16,5
sta.lu;sj;2;sj2-1;18
sta.lu;sj;2;sj2-1;16,8
sta.lu;sj;2;sj2-1;17,3
sta.lu;sj;2;sj2-1;16,45
sta.lu;sj;2;sj2-1;17,1
sta.lu;sj;2;sj2-1;16,8
sta.lu;sj;2;sj2-1;14,6
sta.lu;sj;2;sj2-4;19,3
sta.lu;sj;2;sj2-4;19,1
sta.lu;sj;2;sj2-4;18,8
sta.lu;sj;2;sj2-4;18,7
sta.lu;sj;2;sj2-4;18,6
sta.lu;sj;2;sj2-4;15,55
sta.lu;sj;2;sj2-4;16,8
sta.lu;sj;2;sj2-4;17,55
sta.lu;sj;2;sj2-4;18,8
sta.lu;sj;2;sj2-4;18,1
sta.lu;sj;2;sj2-3;15,4
sta.lu;sj;2;sj2-3;16,3
sta.lu;sj;2;sj2-3;16,35
sta.lu;sj;2;sj2-3;17,9
sta.lu;sj;2;sj2-3;17,35
sta.lu;sj;2;sj2-3;16,35
sta.lu;sj;2;sj2-3;16,3
sta.lu;sj;2;sj2-3;16,3
sta.lu;sj;2;sj2-3;16,3
sta.lu;sj;2;sj2-3;15,45
sta.lu;sj;2;sj2-7;17,5
sta.lu;sj;2;sj2-7;16,3
sta.lu;sj;2;sj2-7;15
sta.lu;sj;2;sj2-7;15,1
sta.lu;sj;2;sj2-7;15,2
sta.lu;sj;2;sj2-7;15,75
sta.lu;sj;2;sj2-7;16,8
sta.lu;sj;2;sj2-7;16,95
sta.lu;sj;2;sj2-7;15,6
sta.lu;sj;2;sj2-7;13,2
sta.lu;sj;2;sj2-6;18,2
sta.lu;sj;2;sj2-6;16,7
sta.lu;sj;2;sj2-6;17,35
sta.lu;sj;2;sj2-6;17,25
sta.lu;sj;2;sj2-6;17,8
sta.lu;sj;2;sj2-6;18
sta.lu;sj;2;sj2-6;17,05
sta.lu;sj;2;sj2-6;16,55
sta.lu;sj;2;sj2-6;16,9
sta.lu;sj;2;sj2-5;16,7
sta.lu;sj;2;sj2-5;16,1
sta.lu;sj;2;sj2-5;17
sta.lu;sj;2;sj2-5;15,45
sta.lu;sj;2;sj2-5;18,2
sta.lu;sj;2;sj2-5;15,3
sta.lu;sj;2;sj2-5;16,25
sta.lu;sj;2;sj2-5;17,2
sta.lu;sj;2;sj2-5;14,9
sta.lu;sj;2;sj2-5;14,3
sta.lu;sj;2;sj2-2;15,25
sta.lu;sj;2;sj2-2;14,75
sta.lu;sj;2;sj2-2;16,25
sta.lu;sj;2;sj2-2;17,15
sta.lu;sj;2;sj2-2;15,8
sta.lu;sj;2;sj2-2;17,3
sta.lu;sj;2;sj2-2;17,15
sta.lu;sj;2;sj2-2;17,6
sta.lu;sj;2;sj2-2;16,8
sta.lu;sj;2;sj2-2;16,75
citro;pri;5;pri5-2;11,6
citro;pri;5;pri5-2;11,65
citro;pri;5;pri5-2;13,3
citro;pri;5;pri5-2;13,45
citro;pri;5;pri5-2;11,75
citro;pri;5;pri5-2;13,3
citro;pri;5;pri5-2;13,5
citro;pri;5;pri5-2;11,3
citro;pri;5;pri5-2;12,85
citro;pri;5;pri5-2;10,75
citro;pri;5;pri5-1;14,2
citro;pri;5;pri5-1;14
citro;pri;5;pri5-1;14,25
citro;pri;5;pri5-1;15,1
citro;pri;5;pri5-1;10,55
citro;pri;5;pri5-1;12,45
citro;pri;5;pri5-1;12,05
citro;pri;5;pri5-1;12
citro;pri;5;pri5-1;10,9
citro;pri;5;pri5-1;11,05
citro;pri;5;pri5-5;15,5
citro;pri;5;pri5-5;14,45
citro;pri;5;pri5-5;16,3
citro;pri;5;pri5-5;13,95
citro;pri;5;pri5-5;14,55
citro;pri;5;pri5-5;15,95
citro;pri;5;pri5-5;14,15
citro;pri;5;pri5-5;15,5
citro;pri;5;pri5-5;14,55
citro;pri;5;pri5-5;13
citro;pri;5;pri5-6;16,6
citro;pri;5;pri5-6;11,85
citro;pri;5;pri5-6;14,1
citro;pri;5;pri5-6;13,2
citro;pri;5;pri5-6;14,2
citro;pri;5;pri5-6;14,4
citro;pri;5;pri5-6;14,2
citro;pri;5;pri5-6;15,65
citro;pri;5;pri5-6;14,65
citro;pri;5;pri5-6;11,35
citro;pri;5;pri5-4;13,3
citro;pri;5;pri5-4;13,35
citro;pri;5;pri5-4;13,6
citro;pri;5;pri5-4;14,9
citro;pri;5;pri5-4;11,6
citro;pri;5;pri5-4;12
citro;pri;5;pri5-4;13,4
citro;pri;5;pri5-4;13
citro;pri;5;pri5-4;13
citro;pri;5;pri5-4;12,35
citro;pri;5;pri5-7;14,2
citro;pri;5;pri5-7;12,65
citro;pri;5;pri5-7;14,9
citro;pri;5;pri5-7;14,15
citro;pri;5;pri5-7;14,1
citro;pri;5;pri5-7;12,85
citro;pri;5;pri5-7;12
citro;pri;5;pri5-7;12,75
citro;pri;5;pri5-7;12,7
citro;pri;5;pri5-7;11,6
citro;pri;5;pri5-3;12,3
citro;pri;5;pri5-3;15,25
citro;pri;5;pri5-3;13,25
citro;pri;5;pri5-3;12,3
citro;pri;5;pri5-3;14,1
citro;pri;5;pri5-3;11,15
citro;pri;5;pri5-3;10,55
citro;pri;5;pri5-3;13,6
citro;pri;5;pri5-3;13,5
citro;pri;5;pri5-3;11,7
citro;pri;5;pri5-3;10,4
sta.lu;sj;1;sj1-7;15,95
sta.lu;sj;1;sj1-7;16,65
sta.lu;sj;1;sj1-7;15,9
sta.lu;sj;1;sj1-7;17,75
sta.lu;sj;1;sj1-7;16,35
sta.lu;sj;1;sj1-7;14,6
sta.lu;sj;1;sj1-7;17,3
sta.lu;sj;1;sj1-7;16,4
sta.lu;sj;1;sj1-7;17,75
sta.lu;sj;1;sj1-7;14,95
sta.lu;sj;1;sj1-6;15,4
sta.lu;sj;1;sj1-6;15,7
sta.lu;sj;1;sj1-6;16,55
sta.lu;sj;1;sj1-6;16,15
sta.lu;sj;1;sj1-6;15,6
sta.lu;sj;1;sj1-6;15,2
sta.lu;sj;1;sj1-6;15,3
sta.lu;sj;1;sj1-6;15,6
sta.lu;sj;1;sj1-6;15,55
sta.lu;sj;1;sj1-6;14,95
sta.lu;sj;1;sj1-5;16,1
sta.lu;sj;1;sj1-5;18,75
sta.lu;sj;1;sj1-5;14,7
sta.lu;sj;1;sj1-5;18,7
sta.lu;sj;1;sj1-5;17,7
sta.lu;sj;1;sj1-5;19,35
sta.lu;sj;1;sj1-5;18,25
sta.lu;sj;1;sj1-5;16,9
sta.lu;sj;1;sj1-5;17,6
sta.lu;sj;1;sj1-5;18,5
sta.lu;sj;1;sj1-3;16,45
sta.lu;sj;1;sj1-3;17,85
sta.lu;sj;1;sj1-3;15,25
sta.lu;sj;1;sj1-3;16
sta.lu;sj;1;sj1-3;14,9
sta.lu;sj;1;sj1-3;16,1
sta.lu;sj;1;sj1-3;16,85
sta.lu;sj;1;sj1-3;14,65
sta.lu;sj;1;sj1-3;16,6
sta.lu;sj;1;sj1-3;17,35
sta.lu;sj;1;sj1-4;15,8
sta.lu;sj;1;sj1-4;17,15
sta.lu;sj;1;sj1-4;18,95
sta.lu;sj;1;sj1-4;16,9
sta.lu;sj;1;sj1-4;15,8
sta.lu;sj;1;sj1-4;18,5
sta.lu;sj;1;sj1-4;17,15
sta.lu;sj;1;sj1-4;17,65
sta.lu;sj;1;sj1-4;15,8
sta.lu;sj;1;sj1-4;17,5
sta.lu;sj;1;sj1-1;18,5
sta.lu;sj;1;sj1-1;17,5
sta.lu;sj;1;sj1-1;18,65
sta.lu;sj;1;sj1-1;17,7
sta.lu;sj;1;sj1-1;18,45
sta.lu;sj;1;sj1-1;14,8
sta.lu;sj;1;sj1-1;17,8
sta.lu;sj;1;sj1-1;16,1
sta.lu;sj;1;sj1-1;16,2
sta.lu;sj;1;sj1-1;16,25
sta.lu;sj;1;sj1-2;17,9
sta.lu;sj;1;sj1-2;16,4
sta.lu;sj;1;sj1-2;17,7
sta.lu;sj;1;sj1-2;17,75
sta.lu;sj;1;sj1-2;17
sta.lu;sj;1;sj1-2;16,4
sta.lu;sj;1;sj1-2;15,4
sta.lu;sj;1;sj1-2;16
sta.lu;sj;1;sj1-2;15,4
TDA;pri;4;pri4-3;15,2
TDA;pri;4;pri4-3;15,05
TDA;pri;4;pri4-3;13,55
TDA;pri;4;pri4-3;15,4
TDA;pri;4;pri4-3;15,15
TDA;pri;4;pri4-3;13,9
TDA;pri;4;pri4-3;15,9
TDA;pri;4;pri4-3;13
TDA;pri;4;pri4-3;15,1
TDA;pri;4;pri4-3;14,1
TDA;pri;4;pri4-2;17,35
TDA;pri;4;pri4-2;12,5
TDA;pri;4;pri4-2;13,4
TDA;pri;4;pri4-2;15
TDA;pri;4;pri4-2;13,9
TDA;pri;4;pri4-2;14,95
TDA;pri;4;pri4-2;16,35
TDA;pri;4;pri4-2;11,2
TDA;pri;4;pri4-2;12,4
TDA;pri;4;pri4-2;14,4
TDA;pri;4;pri4-2;14,8
TDA;pri;4;pri4-2;13,25
TDA;pri;4;pri4-1;16,35
TDA;pri;4;pri4-1;15,1
TDA;pri;4;pri4-1;16,6
TDA;pri;4;pri4-1;14,05
TDA;pri;4;pri4-1;15,45
TDA;pri;4;pri4-1;15
TDA;pri;4;pri4-1;13,7
TDA;pri;4;pri4-1;14,3
TDA;pri;4;pri4-1;12,95
TDA;pri;4;pri4-1;15,6
TDA;pri;4;pri4-1;14,65
TDA;pri;4;pri4-5;14,65
TDA;pri;4;pri4-5;16,2
TDA;pri;4;pri4-5;16
TDA;pri;4;pri4-5;12,5
TDA;pri;4;pri4-5;15,3
TDA;pri;4;pri4-5;14,55
TDA;pri;4;pri4-5;15,1
TDA;pri;4;pri4-5;16,75
TDA;pri;4;pri4-5;16,35
TDA;pri;4;pri4-5;15,85
TDA;pri;4;pri4-4;15,35
TDA;pri;4;pri4-4;13,25
TDA;pri;4;pri4-4;13,8
TDA;pri;4;pri4-4;14,85
TDA;pri;4;pri4-4;14,65
TDA;pri;4;pri4-4;12,25
TDA;pri;4;pri4-4;18
TDA;pri;4;pri4-4;17
TDA;pri;4;pri4-4;13,1
TDA;pri;4;pri4-4;13,65
TDA;pri;4;pri4-4;14,35
TDA;pri;4;pri4-4;14,1
TDA;pri;4;pri4-6;14,4
TDA;pri;4;pri4-6;15,2
TDA;pri;4;pri4-6;13,95
TDA;pri;4;pri4-6;13,95
TDA;pri;4;pri4-6;14,4
TDA;pri;4;pri4-6;15,6
TDA;pri;4;pri4-6;14,2
TDA;pri;4;pri4-6;12,25
TDA;pri;4;pri4-6;15,5
TDA;pri;4;pri4-6;12,55
TDA;pri;4;pri4-6;13,65
TDA;pri;4;pri4-7;15,3
TDA;pri;4;pri4-7;16,8
TDA;pri;4;pri4-7;14,6
TDA;pri;4;pri4-7;14,45
TDA;pri;4;pri4-7;15,1
TDA;pri;4;pri4-7;14,75
TDA;pri;4;pri4-7;16,7
TDA;pri;4;pri4-7;15,75
TDA;pri;4;pri4-7;15,8
TDA;pri;4;pri4-7;16,3
TDA;pri;6;pri6-2;5,35
TDA;pri;6;pri6-2;12,1
TDA;pri;6;pri6-2;14,8
TDA;pri;6;pri6-2;14,4
TDA;pri;6;pri6-2;12
TDA;pri;6;pri6-2;13,35
TDA;pri;6;pri6-2;16,6
TDA;pri;6;pri6-2;10,75
TDA;pri;6;pri6-2;13,4
TDA;pri;6;pri6-2;12,25
TDA;pri;6;pri6-2;16,7
TDA;pri;6;pri6-2;16,25
TDA;pri;6;pri6-2;14
TDA;pri;6;pri6-2;14,25
TDA;pri;6;pri6-2;12,3
TDA;pri;6;pri6-1;15
TDA;pri;6;pri6-1;16,7
TDA;pri;6;pri6-1;16,6
TDA;pri;6;pri6-1;16,55
TDA;pri;6;pri6-1;10,95
TDA;pri;6;pri6-1;12,8
TDA;pri;6;pri6-1;13,25
TDA;pri;6;pri6-1;16,6
TDA;pri;6;pri6-1;12,55
TDA;pri;6;pri6-1;15,15
TDA;pri;6;pri6-1;15,05
TDA;pri;6;pri6-7;13,45
TDA;pri;6;pri6-7;14,25
TDA;pri;6;pri6-7;13,55
TDA;pri;6;pri6-7;15,45
TDA;pri;6;pri6-7;16,05
TDA;pri;6;pri6-7;16,3
TDA;pri;6;pri6-7;11,95
TDA;pri;6;pri6-7;13,1
TDA;pri;6;pri6-7;15,55
TDA;pri;6;pri6-7;13,55
TDA;pri;6;pri6-7;12,85
TDA;pri;6;pri6-7;12,75
TDA;pri;6;pri6-6;12,9
TDA;pri;6;pri6-6;12,05
TDA;pri;6;pri6-6;14,95
TDA;pri;6;pri6-6;14,5
TDA;pri;6;pri6-6;13,2
TDA;pri;6;pri6-6;14,5
TDA;pri;6;pri6-6;11,4
TDA;pri;6;pri6-6;14,55
TDA;pri;6;pri6-6;16,8
TDA;pri;6;pri6-6;15,3
TDA;pri;6;pri6-6;15,05
TDA;pri;6;pri6-6;16,45
TDA;pri;6;pri6-6;14,4
TDA;pri;6;pri6-5;17,1
TDA;pri;6;pri6-5;14,95
TDA;pri;6;pri6-5;12,25
TDA;pri;6;pri6-5;14,25
TDA;pri;6;pri6-5;11,05
TDA;pri;6;pri6-5;13,85
TDA;pri;6;pri6-5;14,35
TDA;pri;6;pri6-5;15,15
TDA;pri;6;pri6-5;14,85
TDA;pri;6;pri6-5;14,1
TDA;pri;6;pri6-5;15,7
TDA;pri;6;pri6-3;13
TDA;pri;6;pri6-3;12,3
TDA;pri;6;pri6-3;16,05
TDA;pri;6;pri6-3;16,45
TDA;pri;6;pri6-3;14,45
TDA;pri;6;pri6-3;18,05
TDA;pri;6;pri6-3;12,7
TDA;pri;6;pri6-3;12,4
TDA;pri;6;pri6-3;13,95
TDA;pri;6;pri6-3;10,7
TDA;pri;6;pri6-4;15,1
TDA;pri;6;pri6-4;14,65
TDA;pri;6;pri6-4;12,65
TDA;pri;6;pri6-4;15,65
TDA;pri;6;pri6-4;14,15
TDA;pri;6;pri6-4;15,4
TDA;pri;6;pri6-4;14,9
TDA;pri;6;pri6-4;13,9
TDA;pri;6;pri6-4;15,7
TDA;pri;6;pri6-4;15,1
TDA;pri;3;pri3-1;12,3
TDA;pri;3;pri3-1;13,9
TDA;pri;3;pri3-1;11,55
TDA;pri;3;pri3-1;14,2
TDA;pri;3;pri3-1;16,1
TDA;pri;3;pri3-1;11,85
TDA;pri;3;pri3-1;15,45
TDA;pri;3;pri3-1;16,9
TDA;pri;3;pri3-1;14,2
TDA;pri;3;pri3-1;12,6
TDA;pri;3;pri3-1;14,2
TDA;pri;3;pri3-1;14,5
TDA;pri;3;pri3-1;12,1
TDA;pri;3;pri3-2;16,7
TDA;pri;3;pri3-2;16,85
TDA;pri;3;pri3-2;15,8
TDA;pri;3;pri3-2;15,25
TDA;pri;3;pri3-2;15,5
TDA;pri;3;pri3-2;14,65
TDA;pri;3;pri3-2;16,25
TDA;pri;3;pri3-2;17,35
TDA;pri;3;pri3-2;14,35
TDA;pri;3;pri3-2;15,7
TDA;pri;3;pri3-2;14,75
TDA;pri;3;pri3-4;13,5
TDA;pri;3;pri3-4;14,15
TDA;pri;3;pri3-4;15,15
TDA;pri;3;pri3-4;15,8
TDA;pri;3;pri3-4;11,95
TDA;pri;3;pri3-4;13,75
TDA;pri;3;pri3-4;13,1
TDA;pri;3;pri3-4;12,8
TDA;pri;3;pri3-4;13,95
TDA;pri;3;pri3-4;15,3
TDA;pri;3;pri3-4;15,1
TDA;pri;3;pri3-4;15,7
TDA;pri;3;pri3-3;12,05
TDA;pri;3;pri3-3;11,1
TDA;pri;3;pri3-3;12,5
TDA;pri;3;pri3-3;13,1
TDA;pri;3;pri3-3;11,55
TDA;pri;3;pri3-3;12,75
TDA;pri;3;pri3-3;12,35
TDA;pri;3;pri3-3;12,55
TDA;pri;3;pri3-3;13,1
TDA;pri;3;pri3-3;13,25
TDA;pri;3;pri3-3;11,95
TDA;pri;3;pri3-7;16,1
TDA;pri;3;pri3-7;15,6
TDA;pri;3;pri3-7;15,9
TDA;pri;3;pri3-7;13,15
TDA;pri;3;pri3-7;15
TDA;pri;3;pri3-7;15,65
TDA;pri;3;pri3-7;16,5
TDA;pri;3;pri3-7;16,95
TDA;pri;3;pri3-7;14,35
TDA;pri;3;pri3-7;13,85
TDA;pri;3;pri3-7;14,05
TDA;pri;3;pri3-6;15,85
TDA;pri;3;pri3-6;15,05
TDA;pri;3;pri3-6;15,85
TDA;pri;3;pri3-6;15,25
TDA;pri;3;pri3-6;15,9
TDA;pri;3;pri3-6;14,3
TDA;pri;3;pri3-6;15,95
TDA;pri;3;pri3-6;14,95
TDA;pri;3;pri3-6;11,7
TDA;pri;3;pri3-6;14,5
TDA;pri;3;pri3-6;14,4
TDA;pri;3;pri3-5;15,2
TDA;pri;3;pri3-5;14,55
TDA;pri;3;pri3-5;12,6
TDA;pri;3;pri3-5;14,15
TDA;pri;3;pri3-5;15,7
TDA;pri;3;pri3-5;16,25
TDA;pri;3;pri3-5;12,25
TDA;pri;3;pri3-5;12,2
TDA;pri;3;pri3-5;14,75
TDA;pri;3;pri3-5;15,65
TDA;pri;3;pri3-5;14,8
TDA;pri;3;pri3-5;15,45
TDA;pri;3;pri3-5;14
TDB;sj;4;sj4-7;14,6
TDB;sj;4;sj4-7;14,55
TDB;sj;4;sj4-7;15,55
TDB;sj;4;sj4-7;14,45
TDB;sj;4;sj4-7;15,65
TDB;sj;4;sj4-7;16,9
TDB;sj;4;sj4-7;15,3
TDB;sj;4;sj4-7;16,05
TDB;sj;4;sj4-7;15,5
TDB;sj;4;sj4-7;15,2
TDB;sj;4;sj4-7;15,4
TDB;sj;4;sj4-7;16,45
TDB;sj;4;sj4-6;15,45
TDB;sj;4;sj4-6;17
TDB;sj;4;sj4-6;15,25
TDB;sj;4;sj4-6;15
TDB;sj;4;sj4-6;17,45
TDB;sj;4;sj4-6;14,45
TDB;sj;4;sj4-6;13,3
TDB;sj;4;sj4-6;15,55
TDB;sj;4;sj4-6;15,65
TDB;sj;4;sj4-6;15
TDB;sj;4;sj4-6;17,3
TDB;sj;4;sj4-6;15,35
TDB;sj;4;sj4-5;14,1
TDB;sj;4;sj4-5;15,25
TDB;sj;4;sj4-5;14,85
TDB;sj;4;sj4-5;15,2
TDB;sj;4;sj4-5;14
TDB;sj;4;sj4-5;13,75
TDB;sj;4;sj4-5;14
TDB;sj;4;sj4-5;14,85
TDB;sj;4;sj4-5;14,15
TDB;sj;4;sj4-5;14,95
TDB;sj;4;sj4-5;14,25
TDB;sj;4;sj4-4;18,4
TDB;sj;4;sj4-4;15,65
TDB;sj;4;sj4-4;14,8
TDB;sj;4;sj4-4;13,9
TDB;sj;4;sj4-4;15,7
TDB;sj;4;sj4-4;17,2
TDB;sj;4;sj4-4;15
TDB;sj;4;sj4-4;16,5
TDB;sj;4;sj4-4;17,2
TDB;sj;4;sj4-4;14,95
TDB;sj;4;sj4-4;15,2
TDB;sj;4;sj4-3;15,45
TDB;sj;4;sj4-3;16,2
TDB;sj;4;sj4-3;16,15
TDB;sj;4;sj4-3;14,5
TDB;sj;4;sj4-3;14,8
TDB;sj;4;sj4-3;15
TDB;sj;4;sj4-3;16,25
TDB;sj;4;sj4-3;14,5
TDB;sj;4;sj4-3;15,95
TDB;sj;4;sj4-3;15,5
TDB;sj;4;sj4-3;15,9
TDB;sj;4;sj4-2;16,85
TDB;sj;4;sj4-2;16,9
TDB;sj;4;sj4-2;14,3
TDB;sj;4;sj4-2;15,55
TDB;sj;4;sj4-2;14,9
TDB;sj;4;sj4-2;16,8
TDB;sj;4;sj4-2;15,8
TDB;sj;4;sj4-2;13,1
TDB;sj;4;sj4-2;15,55
TDB;sj;4;sj4-2;15,05
TDB;sj;4;sj4-2;12,8
TDB;sj;4;sj4-2;14,3
TDB;sj;4;sj4-2;14,65
TDB;sj;4;sj4-1;16,1
TDB;sj;4;sj4-1;17,25
TDB;sj;4;sj4-1;17,8
TDB;sj;4;sj4-1;17,05
TDB;sj;4;sj4-1;16,5
TDB;sj;4;sj4-1;15,95
TDB;sj;4;sj4-1;15,1
TDB;sj;4;sj4-1;15
TDB;sj;4;sj4-1;15,2
TDB;sj;4;sj4-1;16,35
TDB;sj;4;sj4-1;15,25
TDB;pri;6;pri6-5;16,2
TDB;pri;6;pri6-5;18
TDB;pri;6;pri6-5;13,3
TDB;pri;6;pri6-5;17,3
TDB;pri;6;pri6-5;16,15
TDB;pri;6;pri6-5;15,55
TDB;pri;6;pri6-5;13,4
TDB;pri;6;pri6-5;16,5
TDB;pri;6;pri6-5;16,4
TDB;pri;6;pri6-5;16,9
TDB;pri;6;pri6-7;18,05
TDB;pri;6;pri6-7;15,5
TDB;pri;6;pri6-7;17,3
TDB;pri;6;pri6-7;12,65
TDB;pri;6;pri6-7;14,25
TDB;pri;6;pri6-7;16,75
TDB;pri;6;pri6-7;14,45
TDB;pri;6;pri6-7;16,15
TDB;pri;6;pri6-7;15,75
TDB;pri;6;pri6-7;12,9
TDB;pri;6;pri6-7;14,1
TDB;pri;6;pri6-6;15,4
TDB;pri;6;pri6-6;15,25
TDB;pri;6;pri6-6;15,65
TDB;pri;6;pri6-6;11,45
TDB;pri;6;pri6-6;15,1
TDB;pri;6;pri6-6;15,1
TDB;pri;6;pri6-6;16
TDB;pri;6;pri6-6;14,8
TDB;pri;6;pri6-6;13,85
TDB;pri;6;pri6-6;16,35
TDB;pri;6;pri6-6;16,55
TDB;pri;6;pri6-4;16,05
TDB;pri;6;pri6-4;16,4
TDB;pri;6;pri6-4;17,25
TDB;pri;6;pri6-4;16,4
TDB;pri;6;pri6-4;17,8
TDB;pri;6;pri6-4;15,45
TDB;pri;6;pri6-4;16,2
TDB;pri;6;pri6-4;15,95
TDB;pri;6;pri6-4;16,55
TDB;pri;6;pri6-4;15,65
TDB;pri;6;pri6-3;16,5
TDB;pri;6;pri6-3;14,9
TDB;pri;6;pri6-3;15,15
TDB;pri;6;pri6-3;17,2
TDB;pri;6;pri6-3;14,95
TDB;pri;6;pri6-3;15,35
TDB;pri;6;pri6-3;16,35
TDB;pri;6;pri6-3;15,55
TDB;pri;6;pri6-3;15,6
TDB;pri;6;pri6-3;16,85
TDB;pri;6;pri6-2;17,9
TDB;pri;6;pri6-2;16,65
TDB;pri;6;pri6-2;15,4
TDB;pri;6;pri6-2;17
TDB;pri;6;pri6-2;15,6
TDB;pri;6;pri6-2;15,1
TDB;pri;6;pri6-2;13,75
TDB;pri;6;pri6-2;17,6
TDB;pri;6;pri6-2;17,65
TDB;pri;6;pri6-2;12,6
TDB;pri;6;pri6-2;18,85
TDB;pri;6;pri6-2;16,2
TDB;pri;6;pri6-1;18,6
TDB;pri;6;pri6-1;18,5
TDB;pri;6;pri6-1;17
TDB;pri;6;pri6-1;15,85
TDB;pri;6;pri6-1;12,8
TDB;pri;6;pri6-1;15,55
TDB;pri;6;pri6-1;16,8
TDB;pri;6;pri6-1;16,65
TDB;pri;6;pri6-1;14,85
TDB;pri;6;pri6-1;18,05
TDB;pri;6;pri6-1;14,6
sta.lu;sj;3;sj3-7;17,8
sta.lu;sj;3;sj3-7;14,9
sta.lu;sj;3;sj3-7;16,05
sta.lu;sj;3;sj3-7;13,25
sta.lu;sj;3;sj3-7;17,8
sta.lu;sj;3;sj3-7;13,7
sta.lu;sj;3;sj3-7;13,75
sta.lu;sj;3;sj3-6;17,05
sta.lu;sj;3;sj3-6;16,2
sta.lu;sj;3;sj3-6;16,6
sta.lu;sj;3;sj3-6;17,15
sta.lu;sj;3;sj3-6;16,6
sta.lu;sj;3;sj3-6;17,05
sta.lu;sj;3;sj3-6;15,9
sta.lu;sj;3;sj3-6;15,1
sta.lu;sj;3;sj3-4;17,55
sta.lu;sj;3;sj3-4;18,55
sta.lu;sj;3;sj3-4;16,05
sta.lu;sj;3;sj3-4;17,6
sta.lu;sj;3;sj3-4;18,1
sta.lu;sj;3;sj3-4;17,9
sta.lu;sj;3;sj3-4;17,05
sta.lu;sj;3;sj3-4;16,7
sta.lu;sj;3;sj3-4;15,95
sta.lu;sj;3;sj3-4;18
sta.lu;sj;3;sj3-5;17,7
sta.lu;sj;3;sj3-5;17,35
sta.lu;sj;3;sj3-5;18,2
sta.lu;sj;3;sj3-5;18,8
sta.lu;sj;3;sj3-5;18,75
sta.lu;sj;3;sj3-5;17,05
sta.lu;sj;3;sj3-5;17,9
sta.lu;sj;3;sj3-5;18,25
sta.lu;sj;3;sj3-5;17,05
sta.lu;sj;3;sj3-5;18
sta.lu;sj;3;sj3-3;14,4
sta.lu;sj;3;sj3-3;17,3
sta.lu;sj;3;sj3-3;17
sta.lu;sj;3;sj3-3;15,25
sta.lu;sj;3;sj3-3;17,3
sta.lu;sj;3;sj3-3;16,55
sta.lu;sj;3;sj3-3;15,2
sta.lu;sj;3;sj3-3;15,25
sta.lu;sj;3;sj3-3;18,45
sta.lu;sj;3;sj3-2;16,45
sta.lu;sj;3;sj3-2;18,9
sta.lu;sj;3;sj3-2;17,6
sta.lu;sj;3;sj3-2;16,6
sta.lu;sj;3;sj3-2;15,8
sta.lu;sj;3;sj3-2;16,6
sta.lu;sj;3;sj3-2;17,9
sta.lu;sj;3;sj3-2;15,8
sta.lu;sj;3;sj3-2;16,7
sta.lu;sj;3;sj3-2;15,45
sta.lu;sj;3;sj3-1;14,4
sta.lu;sj;3;sj3-1;15,75
sta.lu;sj;3;sj3-1;15,3
sta.lu;sj;3;sj3-1;16,45
sta.lu;sj;3;sj3-1;15,55
sta.lu;sj;3;sj3-1;16,85
sta.lu;sj;3;sj3-1;15,1
sta.lu;sj;3;sj3-1;15,95
sta.lu;sj;3;sj3-1;15,1
citro;pri;1;pri1-3;15,9
citro;pri;1;pri1-3;14,85
citro;pri;1;pri1-3;17,4
citro;pri;1;pri1-3;17,95
citro;pri;1;pri1-3;18
citro;pri;1;pri1-3;17,1
citro;pri;1;pri1-3;16,75
citro;pri;1;pri1-3;14,1
citro;pri;1;pri1-3;14,95
citro;pri;1;pri1-3;13,4
citro;pri;1;pri1-2;15
citro;pri;1;pri1-2;14,8
citro;pri;1;pri1-2;16,55
citro;pri;1;pri1-2;17,6
citro;pri;1;pri1-2;16,55
citro;pri;1;pri1-2;16,55
citro;pri;1;pri1-2;16,75
citro;pri;1;pri1-2;15,75
citro;pri;1;pri1-2;15,2
citro;pri;1;pri1-2;17,5
citro;pri;1;pri1-1;17,25
citro;pri;1;pri1-1;14,85
citro;pri;1;pri1-1;16,55
citro;pri;1;pri1-1;17
citro;pri;1;pri1-1;18,25
citro;pri;1;pri1-1;17,75
citro;pri;1;pri1-1;15,8
citro;pri;1;pri1-1;16,15
citro;pri;1;pri1-1;17,15
citro;pri;1;pri1-1;15,75
citro;pri;1;pri1-5;16,7
citro;pri;1;pri1-5;15,35
citro;pri;1;pri1-5;14,8
citro;pri;1;pri1-5;15,9
citro;pri;1;pri1-5;15,8
citro;pri;1;pri1-5;16,65
citro;pri;1;pri1-5;16,15
citro;pri;1;pri1-5;15,75
citro;pri;1;pri1-5;16,2
citro;pri;1;pri1-5;16,3
citro;pri;1;pri1-4;17,6
citro;pri;1;pri1-4;17,3
citro;pri;1;pri1-4;16
citro;pri;1;pri1-4;15,25
citro;pri;1;pri1-4;15,7
citro;pri;1;pri1-4;15,5
citro;pri;1;pri1-4;15,65
citro;pri;1;pri1-4;17,05
citro;pri;1;pri1-4;15,45
citro;pri;1;pri1-4;16,1
citro;pri;1;pri1-7;13,55
citro;pri;1;pri1-7;13,6
citro;pri;1;pri1-7;13,9
citro;pri;1;pri1-7;16,6
citro;pri;1;pri1-7;13,6
citro;pri;1;pri1-7;12,45
citro;pri;1;pri1-7;14,4
citro;pri;1;pri1-7;13,5
citro;pri;1;pri1-7;14,4
citro;pri;1;pri1-7;12,45
citro;pri;1;pri1-6;13,6
citro;pri;1;pri1-6;15,25
citro;pri;1;pri1-6;16
citro;pri;1;pri1-6;14,15
citro;pri;1;pri1-6;14,6
citro;pri;1;pri1-6;14,65
citro;pri;1;pri1-6;15,35
citro;pri;1;pri1-6;15,6
citro;pri;1;pri1-6;14,8
citro;pri;1;pri1-6;15,3
TDA;pri;5;pri5-3;12,05
TDA;pri;5;pri5-3;13,75
TDA;pri;5;pri5-3;16,25
TDA;pri;5;pri5-3;15,9
TDA;pri;5;pri5-3;14,7
TDA;pri;5;pri5-3;13,6
TDA;pri;5;pri5-3;15,6
TDA;pri;5;pri5-3;16,65
TDA;pri;5;pri5-3;14,8
TDA;pri;5;pri5-2;13,75
TDA;pri;5;pri5-2;13,5
TDA;pri;5;pri5-2;15,1
TDA;pri;5;pri5-2;14,8
TDA;pri;5;pri5-2;13
TDA;pri;5;pri5-2;14,3
TDA;pri;5;pri5-2;11,7
TDA;pri;5;pri5-2;14,5
TDA;pri;5;pri5-2;12,45
TDA;pri;5;pri5-2;11,5
TDA;pri;5;pri5-1;16,5
TDA;pri;5;pri5-1;14,75
TDA;pri;5;pri5-1;12,7
TDA;pri;5;pri5-1;12,2
TDA;pri;5;pri5-1;13,9
TDA;pri;5;pri5-1;14,3
TDA;pri;5;pri5-1;14,5
TDA;pri;5;pri5-1;15,95
TDA;pri;5;pri5-1;15,85
TDA;pri;5;pri5-1;13,05
TDA;pri;5;pri5-1;12,25
TDA;pri;5;pri5-5;18,3
TDA;pri;5;pri5-5;16,6
TDA;pri;5;pri5-5;15,85
TDA;pri;5;pri5-5;18,1
TDA;pri;5;pri5-5;16,6
TDA;pri;5;pri5-5;16,35
TDA;pri;5;pri5-5;17,45
TDA;pri;5;pri5-5;17,3
TDA;pri;5;pri5-5;16,4
TDA;pri;5;pri5-5;15,65
TDA;pri;5;pri5-4;14,1
TDA;pri;5;pri5-4;13,6
TDA;pri;5;pri5-4;13,35
TDA;pri;5;pri5-4;15,2
TDA;pri;5;pri5-4;13,95
TDA;pri;5;pri5-4;14,45
TDA;pri;5;pri5-4;14
TDA;pri;5;pri5-4;12,25
TDA;pri;5;pri5-4;12,6
TDA;pri;5;pri5-4;13,95
TDA;pri;5;pri5-6;14,3
TDA;pri;5;pri5-6;16,2
TDA;pri;5;pri5-6;14,15
TDA;pri;5;pri5-6;13,75
TDA;pri;5;pri5-6;14,05
TDA;pri;5;pri5-6;17,5
TDA;pri;5;pri5-6;13
TDA;pri;5;pri5-6;15,1
TDA;pri;5;pri5-6;13,85
TDA;pri;5;pri5-6;12,15
TDA;pri;5;pri5-7;16,4
TDA;pri;5;pri5-7;14,4
TDA;pri;5;pri5-7;14,1
TDA;pri;5;pri5-7;14,55
TDA;pri;5;pri5-7;14,95
TDA;pri;5;pri5-7;16,4
TDA;pri;5;pri5-7;14,55
TDA;pri;5;pri5-7;14,2
TDA;pri;5;pri5-7;12,15
TDA;pri;5;pri5-7;10,85
TDA;pri;2;pri2-7;15,25
TDA;pri;2;pri2-7;14,05
TDA;pri;2;pri2-7;14,55
TDA;pri;2;pri2-7;15,3
TDA;pri;2;pri2-7;16,2
TDA;pri;2;pri2-7;16,05
TDA;pri;2;pri2-7;14,55
TDA;pri;2;pri2-7;13,05
TDA;pri;2;pri2-7;13,95
TDA;pri;2;pri2-7;12,8
TDA;pri;2;pri2-7;13,8
TDA;pri;2;pri2-6;14,05
TDA;pri;2;pri2-6;14,6
TDA;pri;2;pri2-6;13,95
TDA;pri;2;pri2-6;14,5
TDA;pri;2;pri2-6;12,7
TDA;pri;2;pri2-6;14
TDA;pri;2;pri2-6;13,65
TDA;pri;2;pri2-6;15,2
TDA;pri;2;pri2-6;15
TDA;pri;2;pri2-6;12,85
TDA;pri;2;pri2-6;12,5
TDA;pri;2;pri2-5;17
TDA;pri;2;pri2-5;15,6
TDA;pri;2;pri2-5;13,8
TDA;pri;2;pri2-5;11,85
TDA;pri;2;pri2-5;13,4
TDA;pri;2;pri2-5;15,45
TDA;pri;2;pri2-5;15,1
TDA;pri;2;pri2-5;14,4
TDA;pri;2;pri2-5;14,55
TDA;pri;2;pri2-5;15,95
TDA;pri;2;pri2-5;12,7
TDA;pri;2;pri2-4;14,15
TDA;pri;2;pri2-4;12,5
TDA;pri;2;pri2-4;14,6
TDA;pri;2;pri2-4;13,6
TDA;pri;2;pri2-4;13,45
TDA;pri;2;pri2-4;13,75
TDA;pri;2;pri2-4;15,05
TDA;pri;2;pri2-4;12,4
TDA;pri;2;pri2-4;12,6
TDA;pri;2;pri2-4;14
TDA;pri;2;pri2-3;14,05
TDA;pri;2;pri2-3;14,45
TDA;pri;2;pri2-3;15,55
TDA;pri;2;pri2-3;13,5
TDA;pri;2;pri2-3;15,7
TDA;pri;2;pri2-3;14,75
TDA;pri;2;pri2-3;15
TDA;pri;2;pri2-3;16,2
TDA;pri;2;pri2-3;14,4
TDA;pri;2;pri2-3;15,25
TDA;pri;2;pri2-3;11,9
TDA;pri;2;pri2-3;13,2
TDA;pri;2;pri2-2;16,1
TDA;pri;2;pri2-2;13,75
TDA;pri;2;pri2-2;15,35
TDA;pri;2;pri2-2;13
TDA;pri;2;pri2-2;16,3
TDA;pri;2;pri2-2;14,3
TDA;pri;2;pri2-2;16,25
TDA;pri;2;pri2-2;14,55
TDA;pri;2;pri2-2;13,4
TDA;pri;2;pri2-2;14,9
TDA;pri;2;pri2-2;14,9
TDA;pri;2;pri2-1;12,45
TDA;pri;2;pri2-1;13,3
TDA;pri;2;pri2-1;15,7
TDA;pri;2;pri2-1;13,35
TDA;pri;2;pri2-1;13,35
TDA;pri;2;pri2-1;15,35
TDA;pri;2;pri2-1;14,8
TDA;pri;2;pri2-1;14,6
TDA;pri;2;pri2-1;13,25
TDA;pri;2;pri2-1;13,6
TDA;pri;2;pri2-1;15,2
TDA;pri;2;pri2-1;12,25
citro;sj;1;sj1-7;15,95
citro;sj;1;sj1-7;16,2
citro;sj;1;sj1-7;17,4
citro;sj;1;sj1-7;17,55
citro;sj;1;sj1-7;15,45
citro;sj;1;sj1-7;17,25
citro;sj;1;sj1-7;19,4
citro;sj;1;sj1-7;17,3
citro;sj;1;sj1-7;16,7
citro;sj;1;sj1-7;15,8
citro;sj;1;sj1-7;16,55
citro;sj;1;sj1-6;20
citro;sj;1;sj1-6;16,8
citro;sj;1;sj1-6;17,3
citro;sj;1;sj1-6;18,75
citro;sj;1;sj1-6;16,65
citro;sj;1;sj1-6;15,25
citro;sj;1;sj1-6;16,6
citro;sj;1;sj1-6;18,3
citro;sj;1;sj1-6;17,8
citro;sj;1;sj1-6;18,4
citro;sj;1;sj1-6;16,25
citro;sj;1;sj1-5;18,75
citro;sj;1;sj1-5;18,25
citro;sj;1;sj1-5;18,65
citro;sj;1;sj1-5;18,2
citro;sj;1;sj1-5;18
citro;sj;1;sj1-5;17,4
citro;sj;1;sj1-5;18,7
citro;sj;1;sj1-5;17
citro;sj;1;sj1-5;19,3
citro;sj;1;sj1-5;18,95
citro;sj;1;sj1-4;18,05
citro;sj;1;sj1-4;18,9
citro;sj;1;sj1-4;18,35
citro;sj;1;sj1-4;17,25
citro;sj;1;sj1-4;16,7
citro;sj;1;sj1-4;19,7
citro;sj;1;sj1-4;18,4
citro;sj;1;sj1-4;18,1
citro;sj;1;sj1-4;16,4
citro;sj;1;sj1-4;18,15
citro;sj;1;sj1-4;13,65
citro;sj;1;sj1-2;19,55
citro;sj;1;sj1-2;18,2
citro;sj;1;sj1-2;16,1
citro;sj;1;sj1-2;17,85
citro;sj;1;sj1-2;16,5
citro;sj;1;sj1-2;17,15
citro;sj;1;sj1-2;15,65
citro;sj;1;sj1-2;17,95
citro;sj;1;sj1-2;16,55
citro;sj;1;sj1-2;17,35
citro;sj;1;sj1-2;16,35
citro;sj;1;sj1-3;23
citro;sj;1;sj1-3;17,9
citro;sj;1;sj1-3;20,6
citro;sj;1;sj1-3;18,1
citro;sj;1;sj1-3;16,4
citro;sj;1;sj1-3;18,5
citro;sj;1;sj1-3;21
citro;sj;1;sj1-3;18,3
citro;sj;1;sj1-3;20,3
citro;sj;1;sj1-3;18,7
citro;sj;1;sj1-3;16,4
citro;sj;1;sj1-1;16,35
citro;sj;1;sj1-1;14,55
citro;sj;1;sj1-1;16,2
citro;sj;1;sj1-1;15,15
citro;sj;1;sj1-1;17,45
citro;sj;1;sj1-1;16,65
citro;sj;1;sj1-1;16,45
citro;sj;1;sj1-1;15,6
citro;sj;1;sj1-1;17,5
citro;sj;1;sj1-1;14,45
sta.lu;sj;5;sj5-3;15,2
sta.lu;sj;5;sj5-3;15
sta.lu;sj;5;sj5-3;17,6
sta.lu;sj;5;sj5-3;14,9
sta.lu;sj;5;sj5-3;17,15
sta.lu;sj;5;sj5-3;19,1
sta.lu;sj;5;sj5-3;15,15
sta.lu;sj;5;sj5-3;15
sta.lu;sj;5;sj5-3;15,3
sta.lu;sj;5;sj5-3;15,55
sta.lu;sj;5;sj5-3;16,1
sta.lu;sj;5;sj5-2;15,65
sta.lu;sj;5;sj5-2;15,1
sta.lu;sj;5;sj5-2;15,95
sta.lu;sj;5;sj5-2;17,25
sta.lu;sj;5;sj5-2;16,1
sta.lu;sj;5;sj5-2;18,15
sta.lu;sj;5;sj5-2;15,25
sta.lu;sj;5;sj5-2;16
sta.lu;sj;5;sj5-2;16
sta.lu;sj;5;sj5-2;16,4
sta.lu;sj;5;sj5-1;14,8
sta.lu;sj;5;sj5-1;15,7
sta.lu;sj;5;sj5-1;15,65
sta.lu;sj;5;sj5-1;15,35
sta.lu;sj;5;sj5-1;13,45
sta.lu;sj;5;sj5-1;14,3
sta.lu;sj;5;sj5-1;13,6
sta.lu;sj;5;sj5-1;15,5
sta.lu;sj;5;sj5-1;14
sta.lu;sj;5;sj5-1;15
sta.lu;sj;5;sj5-1;12,05
sta.lu;sj;5;sj5-5;17,35
sta.lu;sj;5;sj5-5;15,95
sta.lu;sj;5;sj5-5;15,85
sta.lu;sj;5;sj5-5;15,8
sta.lu;sj;5;sj5-5;15,8
sta.lu;sj;5;sj5-5;15,4
sta.lu;sj;5;sj5-5;17,35
sta.lu;sj;5;sj5-5;15,15
sta.lu;sj;5;sj5-5;17,15
sta.lu;sj;5;sj5-5;16,6
sta.lu;sj;5;sj5-4;15,25
sta.lu;sj;5;sj5-4;15,95
sta.lu;sj;5;sj5-4;14,8
sta.lu;sj;5;sj5-4;17,85
sta.lu;sj;5;sj5-4;16,4
sta.lu;sj;5;sj5-4;14,7
sta.lu;sj;5;sj5-4;16,8
sta.lu;sj;5;sj5-4;15
sta.lu;sj;5;sj5-4;14,55
sta.lu;sj;5;sj5-4;16
sta.lu;sj;5;sj5-7;16,6
sta.lu;sj;5;sj5-7;16,2
sta.lu;sj;5;sj5-7;16,65
sta.lu;sj;5;sj5-7;15,45
sta.lu;sj;5;sj5-7;15,45
sta.lu;sj;5;sj5-7;17
sta.lu;sj;5;sj5-7;18,1
sta.lu;sj;5;sj5-7;17,1
sta.lu;sj;5;sj5-7;14,45
sta.lu;sj;5;sj5-7;16,1
sta.lu;sj;5;sj5-6;16,95
sta.lu;sj;5;sj5-6;15,15
sta.lu;sj;5;sj5-6;15,8
sta.lu;sj;5;sj5-6;15,9
sta.lu;sj;5;sj5-6;16,25
sta.lu;sj;5;sj5-6;15,4
sta.lu;sj;5;sj5-6;16,45
sta.lu;sj;5;sj5-6;16
sta.lu;sj;5;sj5-6;15,4
sta.lu;sj;5;sj5-6;17,95
sta.lu;sj;5;sj5-6;16,55
